,choice,proportionBlue,condition,pid,chose_blue,isPractice
0,blue,0.575,2,2,True,True
1,blue,0.5625,2,3,True,True
2,blue,0.5375,2,3,True,False
3,yellow,0.5375,2,3,False,False
4,blue,0.5625,2,2,True,True
5,blue,0.475,2,3,True,False
6,blue,0.525,2,3,True,False
7,yellow,0.5375,2,3,False,False
8,blue,0.5375,2,2,True,False
9,blue,0.5375,2,3,True,False
10,yellow,0.475,2,3,False,False
11,blue,0.525,2,2,True,False
12,blue,0.5125,2,3,True,False
13,blue,0.4875,2,3,True,False
14,blue,0.5375,2,2,True,False
15,blue,0.4875,2,3,True,False
16,yellow,0.5125,2,2,False,False
17,yellow,0.4875,2,2,False,False
18,yellow,0.575,1,1,False,True
19,blue,0.5375,2,2,True,False
20,blue,0.475,2,2,True,False
21,yellow,0.5625,1,1,False,True
22,blue,0.5375,2,2,True,False
23,yellow,0.475,2,2,False,False
24,blue,0.4875,1,1,True,False
25,blue,0.4875,2,2,True,False
26,blue,0.5375,1,1,True,False
27,blue,0.5375,1,1,True,False
28,yellow,0.5375,1,1,False,False
29,yellow,0.525,1,1,False,False
30,blue,0.5625,2,6,True,True
31,blue,0.5375,4,4,True,False
32,yellow,0.4875,1,1,False,False
33,yellow,0.5375,1,1,False,False
34,blue,0.5625,4,4,True,True
35,yellow,0.475,1,1,False,False
36,yellow,0.5125,1,1,False,False
37,yellow,0.475,2,6,False,False
38,blue,0.525,2,6,True,False
39,yellow,0.4875,4,4,False,False
40,blue,0.475,1,1,True,False
41,yellow,0.575,2,6,False,True
42,blue,0.575,4,4,True,True
43,blue,0.575,1,7,True,True
44,blue,0.5375,2,6,True,False
45,yellow,0.5625,1,7,False,True
46,yellow,0.475,1,7,False,False
47,blue,0.5375,1,7,True,False
48,yellow,0.5375,1,7,False,False
49,yellow,0.5375,1,7,False,False
50,blue,0.5375,2,6,True,False
51,yellow,0.475,4,4,False,False
52,yellow,0.475,2,6,False,False
53,yellow,0.4875,1,7,False,False
54,yellow,0.5125,2,6,False,False
55,blue,0.575,2,5,True,True
56,blue,0.4875,2,6,True,False
57,yellow,0.4875,1,7,False,False
58,blue,0.5625,2,5,True,True
59,blue,0.5375,2,5,True,False
60,blue,0.5375,4,4,True,False
61,yellow,0.5375,2,6,False,False
62,blue,0.5375,2,6,True,False
63,yellow,0.475,1,7,False,False
64,yellow,0.475,4,4,False,False
65,yellow,0.4875,2,6,False,False
66,yellow,0.475,2,5,False,False
67,blue,0.5125,1,7,True,False
68,yellow,0.5125,4,4,False,False
69,blue,0.5375,1,7,True,False
70,yellow,0.4875,2,5,False,False
71,blue,0.4875,4,4,True,False
72,blue,0.525,1,7,True,False
73,yellow,0.5125,2,5,False,False
74,blue,0.5375,4,4,True,False
75,yellow,0.525,2,5,False,False
76,blue,0.5375,4,4,True,False
77,blue,0.5375,2,5,True,False
78,blue,0.525,4,4,True,False
79,blue,0.5375,2,5,True,False
80,yellow,0.475,2,5,False,False
81,yellow,0.4875,2,5,False,False
82,blue,0.5375,2,5,True,False
83,blue,0.575,1,8,True,True
84,blue,0.5625,1,8,True,True
85,blue,0.575,4,9,True,True
86,blue,0.5125,1,8,True,False
87,yellow,0.5625,4,9,False,True
88,blue,0.5375,4,9,True,False
89,blue,0.5375,1,8,True,False
90,blue,0.5375,4,9,True,False
91,yellow,0.475,1,8,False,False
92,yellow,0.525,4,9,False,False
93,blue,0.525,1,8,True,False
94,blue,0.475,4,9,True,False
95,blue,0.4875,4,9,True,False
96,blue,0.575,3,10,True,True
97,yellow,0.475,3,10,False,False
98,blue,0.5375,1,8,True,False
99,yellow,0.4875,4,9,False,False
100,yellow,0.4875,1,8,False,False
101,yellow,0.5125,4,9,False,False
102,blue,0.5375,1,8,True,False
103,blue,0.5375,3,10,True,False
104,blue,0.475,4,9,True,False
105,yellow,0.5375,1,8,False,False
106,blue,0.5375,4,9,True,False
107,blue,0.4875,1,8,True,False
108,blue,0.4875,3,10,True,False
109,yellow,0.475,1,8,False,False
110,yellow,0.5375,4,9,False,False
111,blue,0.5375,3,10,True,False
112,blue,0.525,3,10,True,False
113,blue,0.5375,3,10,True,False
114,blue,0.5625,3,10,True,True
115,yellow,0.4875,3,10,False,False
116,blue,0.5375,3,10,True,False
117,blue,0.475,3,10,True,False
118,blue,0.5125,3,10,True,False
119,blue,0.575,2,11,True,True
120,yellow,0.5625,2,11,False,True
121,yellow,0.5125,2,11,False,False
122,blue,0.5375,2,11,True,False
123,yellow,0.475,2,11,False,False
124,blue,0.5375,2,11,True,False
125,yellow,0.5375,2,11,False,False
126,blue,0.525,2,11,True,False
127,blue,0.475,2,11,True,False
128,blue,0.4875,2,11,True,False
129,yellow,0.4875,2,11,False,False
130,yellow,0.5375,2,11,False,False
131,blue,0.575,1,12,True,True
132,blue,0.5625,1,12,True,True
133,yellow,0.4875,1,12,False,False
134,blue,0.5375,1,12,True,False
135,yellow,0.4875,1,12,False,False
136,blue,0.5375,1,12,True,False
137,blue,0.5375,1,12,True,False
138,yellow,0.475,1,12,False,False
139,yellow,0.475,1,12,False,False
140,yellow,0.525,1,12,False,False
141,yellow,0.5125,1,12,False,False
142,yellow,0.5375,1,12,False,False
143,blue,0.575,2,13,True,True
144,blue,0.5625,2,13,True,True
145,blue,0.5375,2,13,True,False
146,yellow,0.4875,2,13,False,False
147,blue,0.475,2,13,True,False
148,yellow,0.575,3,15,False,True
149,blue,0.5375,2,13,True,False
150,yellow,0.475,2,13,False,False
151,blue,0.5125,2,13,True,False
152,blue,0.5375,2,13,True,False
153,yellow,0.5375,3,15,False,False
154,blue,0.575,3,15,True,True
155,blue,0.475,3,15,True,False
156,blue,0.5125,2,17,True,False
157,yellow,0.475,1,16,False,False
158,blue,0.5375,1,16,True,False
159,blue,0.525,2,13,True,False
160,blue,0.4875,2,13,True,False
161,yellow,0.5625,2,17,False,True
162,yellow,0.525,3,15,False,False
163,yellow,0.5625,1,16,False,True
164,blue,0.5625,3,15,True,True
165,blue,0.5375,3,15,True,False
166,blue,0.5375,3,15,True,False
167,blue,0.5375,2,13,True,False
168,blue,0.5375,3,15,True,False
169,yellow,0.475,2,17,False,False
170,blue,0.575,2,17,True,True
171,yellow,0.475,1,16,False,False
172,blue,0.5375,2,17,True,False
173,blue,0.4875,1,16,True,False
174,blue,0.475,3,15,True,False
175,blue,0.575,1,16,True,True
176,blue,0.5375,2,17,True,False
177,blue,0.5375,2,17,True,False
178,yellow,0.5125,3,15,False,False
179,yellow,0.4875,3,15,False,False
180,yellow,0.5125,1,16,False,False
181,blue,0.5375,2,17,True,False
182,blue,0.525,1,16,True,False
183,yellow,0.4875,2,17,False,False
184,blue,0.475,2,17,True,False
185,yellow,0.5375,1,16,False,False
186,yellow,0.525,2,17,False,False
187,blue,0.4875,2,17,True,False
188,blue,0.5375,1,16,True,False
189,blue,0.5375,1,16,True,False
190,blue,0.4875,1,16,True,False
191,blue,0.575,4,18,True,True
192,blue,0.5625,4,18,True,True
193,blue,0.5375,4,18,True,False
194,blue,0.475,4,18,True,False
195,blue,0.4875,4,18,True,False
196,yellow,0.525,4,18,False,False
197,blue,0.5375,4,18,True,False
198,blue,0.475,4,18,True,False
199,blue,0.5375,4,18,True,False
200,yellow,0.4875,4,18,False,False
201,yellow,0.5125,4,18,False,False
202,blue,0.5375,4,18,True,False
203,blue,0.575,3,19,True,True
204,blue,0.5625,3,19,True,True
205,blue,0.5375,3,19,True,False
206,blue,0.525,3,19,True,False
207,yellow,0.5375,3,19,False,False
208,yellow,0.4875,3,19,False,False
209,blue,0.5125,3,19,True,False
210,blue,0.5375,3,19,True,False
211,yellow,0.5375,3,19,False,False
212,yellow,0.475,3,19,False,False
213,yellow,0.475,3,19,False,False
214,blue,0.4875,3,19,True,False
215,blue,0.575,3,20,True,True
216,yellow,0.5625,3,20,False,True
217,blue,0.525,3,20,True,False
218,yellow,0.475,3,20,False,False
219,blue,0.475,3,20,True,False
220,blue,0.5375,3,20,True,False
221,yellow,0.4875,3,20,False,False
222,blue,0.5375,3,20,True,False
223,blue,0.5375,3,20,True,False
224,blue,0.4875,3,20,True,False
225,yellow,0.5125,3,20,False,False
226,blue,0.5375,3,20,True,False
