id,creation_time,property1,property2,property3,property4,property5,failed,time_of_death,details,type,origin_id,network_id,contents
1,2019-04-15 20:17:41.028987,,,,,,f,,{},state,1,1,0.575
2,2019-04-15 20:17:41.046571,,,,,,f,,{},state,2,2,0.5625
3,2019-04-15 20:17:41.076171,,,,,,f,,{},state,3,3,0.5375
4,2019-04-15 20:17:41.094646,,,,,,f,,{},state,4,4,0.5125
5,2019-04-15 20:17:41.119252,,,,,,f,,{},state,5,5,0.525
6,2019-04-15 20:17:41.139299,,,,,,f,,{},state,6,6,0.5375
7,2019-04-15 20:17:41.166867,,,,,,f,,{},state,7,7,0.4875
8,2019-04-15 20:17:41.187404,,,,,,f,,{},state,8,8,0.475
9,2019-04-15 20:17:41.223312,,,,,,f,,{},state,9,9,0.5375
10,2019-04-15 20:17:41.263595,,,,,,f,,{},state,10,10,0.4875
11,2019-04-15 20:17:41.280533,,,,,,f,,{},state,11,11,0.475
12,2019-04-15 20:17:41.29269,,,,,,f,,{},state,12,12,0.5375
13,2019-04-15 20:19:39.736169,,,,,,f,,{},meme,15,1,"{""choice"":""blue"",""is_practice"":true,""proportionBlue"":0.575,""condition"":""2"",""running_total_bonus"":0.25,""current_bonus"":0.43000000000000005,""participant_id"":""3""}"
14,2019-04-15 20:19:41.593647,,,,,,f,,{},meme,14,1,"{""choice"":""blue"",""is_practice"":true,""proportionBlue"":0.575,""condition"":""2"",""running_total_bonus"":0.25,""current_bonus"":0.43000000000000005,""participant_id"":""2""}"
15,2019-04-15 20:19:43.868649,,,,,,f,,{},meme,16,2,"{""choice"":""blue"",""is_practice"":true,""proportionBlue"":0.5625,""condition"":""2"",""running_total_bonus"":0.25,""current_bonus"":0.43000000000000005,""participant_id"":""3""}"
16,2019-04-15 20:19:47.288434,,,,,,f,,{},meme,17,6,"{""choice"":""blue"",""is_practice"":false,""proportionBlue"":0.5375,""condition"":""2"",""running_total_bonus"":0.67,""current_bonus"":0.42000000000000004,""participant_id"":""3""}"
17,2019-04-15 20:19:49.928261,,,,,,f,,{},meme,18,9,"{""choice"":""yellow"",""is_practice"":false,""proportionBlue"":0.5375,""condition"":""2"",""running_total_bonus"":0.89,""current_bonus"":0.22,""participant_id"":""3""}"
18,2019-04-15 20:19:50.653821,,,,,,f,,{},meme,19,2,"{""choice"":""blue"",""is_practice"":true,""proportionBlue"":0.5625,""condition"":""2"",""running_total_bonus"":0.25,""current_bonus"":0.43000000000000005,""participant_id"":""2""}"
19,2019-04-15 20:19:52.200339,,,,,,f,,{},meme,20,8,"{""choice"":""blue"",""is_practice"":false,""proportionBlue"":0.475,""condition"":""2"",""running_total_bonus"":1.08,""current_bonus"":0.19,""participant_id"":""3""}"
20,2019-04-15 20:19:54.334181,,,,,,f,,{},meme,21,5,"{""choice"":""blue"",""is_practice"":false,""proportionBlue"":0.525,""condition"":""2"",""running_total_bonus"":1.4900000000000002,""current_bonus"":0.41000000000000003,""participant_id"":""3""}"
21,2019-04-15 20:19:56.917683,,,,,,f,,{},meme,22,12,"{""choice"":""yellow"",""is_practice"":false,""proportionBlue"":0.5375,""condition"":""2"",""running_total_bonus"":1.7100000000000002,""current_bonus"":0.22,""participant_id"":""3""}"
22,2019-04-15 20:19:59.106394,,,,,,f,,{},meme,24,3,"{""choice"":""blue"",""is_practice"":false,""proportionBlue"":0.5375,""condition"":""2"",""running_total_bonus"":0.67,""current_bonus"":0.42000000000000004,""participant_id"":""2""}"
23,2019-04-15 20:19:59.502211,,,,,,f,,{},meme,23,3,"{""choice"":""blue"",""is_practice"":false,""proportionBlue"":0.5375,""condition"":""2"",""running_total_bonus"":2.1300000000000003,""current_bonus"":0.42000000000000004,""participant_id"":""3""}"
24,2019-04-15 20:20:01.807694,,,,,,f,,{},meme,25,11,"{""choice"":""yellow"",""is_practice"":false,""proportionBlue"":0.475,""condition"":""2"",""running_total_bonus"":2.5200000000000005,""current_bonus"":0.39,""participant_id"":""3""}"
25,2019-04-15 20:20:03.33858,,,,,,f,,{},meme,26,5,"{""choice"":""blue"",""is_practice"":false,""proportionBlue"":0.525,""condition"":""2"",""running_total_bonus"":1.08,""current_bonus"":0.41000000000000003,""participant_id"":""2""}"
26,2019-04-15 20:20:04.489956,,,,,,f,,{},meme,27,4,"{""choice"":""blue"",""is_practice"":false,""proportionBlue"":0.5125,""condition"":""2"",""running_total_bonus"":2.9300000000000006,""current_bonus"":0.41000000000000003,""participant_id"":""3""}"
27,2019-04-15 20:20:07.007985,,,,,,f,,{},meme,29,7,"{""choice"":""blue"",""is_practice"":false,""proportionBlue"":0.4875,""condition"":""2"",""running_total_bonus"":3.130000000000001,""current_bonus"":0.2,""participant_id"":""3""}"
28,2019-04-15 20:20:07.019539,,,,,,f,,{},meme,28,12,"{""choice"":""blue"",""is_practice"":false,""proportionBlue"":0.5375,""condition"":""2"",""running_total_bonus"":1.5,""current_bonus"":0.42000000000000004,""participant_id"":""2""}"
29,2019-04-15 20:20:09.237893,,,,,,f,,{},meme,30,10,"{""choice"":""blue"",""is_practice"":false,""proportionBlue"":0.4875,""condition"":""2"",""running_total_bonus"":3.330000000000001,""current_bonus"":0.2,""participant_id"":""3""}"
30,2019-04-15 20:20:11.273134,,,,,,f,,{},meme,31,4,"{""choice"":""yellow"",""is_practice"":false,""proportionBlue"":0.5125,""condition"":""2"",""running_total_bonus"":1.71,""current_bonus"":0.21,""participant_id"":""2""}"
31,2019-04-15 20:20:17.984094,,,,,,f,,{},meme,32,10,"{""choice"":""yellow"",""is_practice"":false,""proportionBlue"":0.4875,""condition"":""2"",""running_total_bonus"":2.11,""current_bonus"":0.4,""participant_id"":""2""}"
32,2019-04-15 20:20:19.554635,,,,,,f,,{},meme,13,1,"{""choice"":""yellow"",""is_practice"":true,""proportionBlue"":0.575,""condition"":""1"",""running_total_bonus"":0.25,""current_bonus"":0.17,""participant_id"":""1""}"
33,2019-04-15 20:20:22.404242,,,,,,f,,{},meme,33,9,"{""choice"":""blue"",""is_practice"":false,""proportionBlue"":0.5375,""condition"":""2"",""running_total_bonus"":2.53,""current_bonus"":0.42000000000000004,""participant_id"":""2""}"
34,2019-04-15 20:20:26.459131,,,,,,f,,{},meme,34,8,"{""choice"":""blue"",""is_practice"":false,""proportionBlue"":0.475,""condition"":""2"",""running_total_bonus"":2.7199999999999998,""current_bonus"":0.19,""participant_id"":""2""}"
35,2019-04-15 20:20:29.009778,,,,,,f,,{},meme,35,2,"{""choice"":""yellow"",""is_practice"":true,""proportionBlue"":0.5625,""condition"":""1"",""running_total_bonus"":0.25,""current_bonus"":0.18,""participant_id"":""1""}"
36,2019-04-15 20:20:30.696531,,,,,,f,,{},meme,36,6,"{""choice"":""blue"",""is_practice"":false,""proportionBlue"":0.5375,""condition"":""2"",""running_total_bonus"":3.1399999999999997,""current_bonus"":0.42000000000000004,""participant_id"":""2""}"
37,2019-04-15 20:20:34.710776,,,,,,f,,{},meme,38,11,"{""choice"":""yellow"",""is_practice"":false,""proportionBlue"":0.475,""condition"":""2"",""running_total_bonus"":3.53,""current_bonus"":0.39,""participant_id"":""2""}"
38,2019-04-15 20:20:38.012977,,,,,,f,,{},meme,39,10,"{""choice"":""blue"",""is_practice"":false,""proportionBlue"":0.4875,""condition"":""1"",""running_total_bonus"":0.45999999999999996,""current_bonus"":0.21,""participant_id"":""1""}"
39,2019-04-15 20:20:38.221539,,,,,,f,,{},meme,40,7,"{""choice"":""blue"",""is_practice"":false,""proportionBlue"":0.4875,""condition"":""2"",""running_total_bonus"":3.73,""current_bonus"":0.2,""participant_id"":""2""}"
40,2019-04-15 20:20:42.687558,,,,,,f,,{},meme,41,3,"{""choice"":""blue"",""is_practice"":false,""proportionBlue"":0.5375,""condition"":""1"",""running_total_bonus"":0.85,""current_bonus"":0.39,""participant_id"":""1""}"
41,2019-04-15 20:20:48.631999,,,,,,f,,{},meme,42,6,"{""choice"":""blue"",""is_practice"":false,""proportionBlue"":0.5375,""condition"":""1"",""running_total_bonus"":1.24,""current_bonus"":0.39,""participant_id"":""1""}"
42,2019-04-15 20:20:53.404117,,,,,,f,,{},meme,43,9,"{""choice"":""yellow"",""is_practice"":false,""proportionBlue"":0.5375,""condition"":""1"",""running_total_bonus"":1.43,""current_bonus"":0.19,""participant_id"":""1""}"
43,2019-04-15 20:20:57.78399,,,,,,f,,{},meme,44,5,"{""choice"":""yellow"",""is_practice"":false,""proportionBlue"":0.525,""condition"":""1"",""running_total_bonus"":1.6199999999999999,""current_bonus"":0.19,""participant_id"":""1""}"
53,2019-04-15 20:22:05.702391,,,,,,f,,{},meme,55,2,"{""choice"":""blue"",""is_practice"":true,""proportionBlue"":0.5625,""condition"":""2"",""running_total_bonus"":0.25,""current_bonus"":0.43000000000000005,""participant_id"":""6""}"
74,2019-04-15 20:22:45.194885,,,,,,f,,{},meme,74,12,"{""choice"":""blue"",""is_practice"":false,""proportionBlue"":0.5375,""condition"":""4"",""running_total_bonus"":3.9699999999999998,""current_bonus"":-0.01999999999999999,""participant_id"":""4""}"
44,2019-04-15 20:21:01.270025,,,,,,f,,{},meme,45,7,"{""choice"":""yellow"",""is_practice"":false,""proportionBlue"":0.4875,""condition"":""1"",""running_total_bonus"":2.03,""current_bonus"":0.41000000000000003,""participant_id"":""1""}"
45,2019-04-15 20:21:06.573359,,,,,,f,,{},meme,47,12,"{""choice"":""yellow"",""is_practice"":false,""proportionBlue"":0.5375,""condition"":""1"",""running_total_bonus"":2.2199999999999998,""current_bonus"":0.19,""participant_id"":""1""}"
54,2019-04-15 20:22:09.91474,,,,,,f,,{},meme,56,2,"{""choice"":""blue"",""is_practice"":true,""proportionBlue"":0.5625,""condition"":""4"",""running_total_bonus"":4,""current_bonus"":-0.03,""participant_id"":""4""}"
46,2019-04-15 20:21:10.698509,,,,,,f,,{},meme,48,11,"{""choice"":""yellow"",""is_practice"":false,""proportionBlue"":0.475,""condition"":""1"",""running_total_bonus"":2.63,""current_bonus"":0.41000000000000003,""participant_id"":""1""}"
47,2019-04-15 20:21:15.11535,,,,,,f,,{},meme,49,4,"{""choice"":""yellow"",""is_practice"":false,""proportionBlue"":0.5125,""condition"":""1"",""running_total_bonus"":2.83,""current_bonus"":0.2,""participant_id"":""1""}"
56,2019-04-15 20:22:14.626916,,,,,,f,,{},meme,58,8,"{""choice"":""yellow"",""is_practice"":false,""proportionBlue"":0.475,""condition"":""2"",""running_total_bonus"":0.64,""current_bonus"":0.39,""participant_id"":""6""}"
58,2019-04-15 20:22:18.230734,,,,,,f,,{},meme,60,5,"{""choice"":""blue"",""is_practice"":false,""proportionBlue"":0.525,""condition"":""2"",""running_total_bonus"":1.05,""current_bonus"":0.41000000000000003,""participant_id"":""6""}"
66,2019-04-15 20:22:34.139339,,,,,,f,,{},meme,67,10,"{""choice"":""yellow"",""is_practice"":false,""proportionBlue"":0.4875,""condition"":""4"",""running_total_bonus"":4.01,""current_bonus"":0,""participant_id"":""4""}"
48,2019-04-15 20:21:19.702535,,,,,,f,,{},meme,51,8,"{""choice"":""blue"",""is_practice"":false,""proportionBlue"":0.475,""condition"":""1"",""running_total_bonus"":3.04,""current_bonus"":0.21,""participant_id"":""1""}"
49,2019-04-15 20:21:57.560009,,,,,,f,,{},meme,50,1,"{""choice"":""yellow"",""is_practice"":true,""proportionBlue"":0.575,""condition"":""2"",""running_total_bonus"":0.25,""current_bonus"":0.23,""participant_id"":""6""}"
50,2019-04-15 20:21:58.265041,,,,,,f,,{},meme,37,1,"{""choice"":""blue"",""is_practice"":true,""proportionBlue"":0.575,""condition"":""4"",""running_total_bonus"":4,""current_bonus"":-0.03,""participant_id"":""4""}"
51,2019-04-15 20:21:58.452515,,,,,,f,,{},meme,52,1,"{""choice"":""blue"",""is_practice"":true,""proportionBlue"":0.575,""condition"":""1"",""running_total_bonus"":0.25,""current_bonus"":0.37,""participant_id"":""7""}"
67,2019-04-15 20:22:35.954813,,,,,,f,,{},meme,68,9,"{""choice"":""blue"",""is_practice"":false,""proportionBlue"":0.5375,""condition"":""2"",""running_total_bonus"":2.3000000000000003,""current_bonus"":0.42000000000000004,""participant_id"":""6""}"
52,2019-04-15 20:22:05.187864,,,,,,f,,{},meme,54,2,"{""choice"":""yellow"",""is_practice"":true,""proportionBlue"":0.5625,""condition"":""1"",""running_total_bonus"":0.25,""current_bonus"":0.18,""participant_id"":""7""}"
55,2019-04-15 20:22:12.276797,,,,,,f,,{},meme,57,8,"{""choice"":""yellow"",""is_practice"":false,""proportionBlue"":0.475,""condition"":""1"",""running_total_bonus"":0.66,""current_bonus"":0.41000000000000003,""participant_id"":""7""}"
60,2019-04-15 20:22:22.382893,,,,,,f,,{},meme,62,3,"{""choice"":""blue"",""is_practice"":false,""proportionBlue"":0.5375,""condition"":""1"",""running_total_bonus"":1.2400000000000002,""current_bonus"":0.39,""participant_id"":""7""}"
75,2019-04-15 20:22:45.370886,,,,,,f,,{},meme,76,12,"{""choice"":""yellow"",""is_practice"":false,""proportionBlue"":0.5375,""condition"":""1"",""running_total_bonus"":2.2500000000000004,""current_bonus"":0.19,""participant_id"":""7""}"
57,2019-04-15 20:22:16.732416,,,,,,f,,{},meme,59,6,"{""choice"":""yellow"",""is_practice"":false,""proportionBlue"":0.5375,""condition"":""1"",""running_total_bonus"":0.8500000000000001,""current_bonus"":0.19,""participant_id"":""7""}"
59,2019-04-15 20:22:21.89423,,,,,,f,,{},meme,61,6,"{""choice"":""blue"",""is_practice"":false,""proportionBlue"":0.5375,""condition"":""2"",""running_total_bonus"":1.4700000000000002,""current_bonus"":0.42000000000000004,""participant_id"":""6""}"
61,2019-04-15 20:22:27.160538,,,,,,f,,{},meme,63,8,"{""choice"":""yellow"",""is_practice"":false,""proportionBlue"":0.475,""condition"":""4"",""running_total_bonus"":4.01,""current_bonus"":0.010000000000000009,""participant_id"":""4""}"
69,2019-04-15 20:22:39.320134,,,,,,f,,{},meme,71,11,"{""choice"":""yellow"",""is_practice"":false,""proportionBlue"":0.475,""condition"":""2"",""running_total_bonus"":2.6900000000000004,""current_bonus"":0.39,""participant_id"":""6""}"
62,2019-04-15 20:22:27.432975,,,,,,f,,{},meme,64,7,"{""choice"":""yellow"",""is_practice"":false,""proportionBlue"":0.4875,""condition"":""1"",""running_total_bonus"":1.6500000000000004,""current_bonus"":0.41000000000000003,""participant_id"":""7""}"
63,2019-04-15 20:22:28.110673,,,,,,f,,{},meme,65,4,"{""choice"":""yellow"",""is_practice"":false,""proportionBlue"":0.5125,""condition"":""2"",""running_total_bonus"":1.6800000000000002,""current_bonus"":0.21,""participant_id"":""6""}"
64,2019-04-15 20:22:28.855466,,,,,,f,,{},meme,46,1,"{""choice"":""blue"",""is_practice"":true,""proportionBlue"":0.575,""condition"":""2"",""running_total_bonus"":0.25,""current_bonus"":0.43000000000000005,""participant_id"":""5""}"
65,2019-04-15 20:22:32.402524,,,,,,f,,{},meme,66,10,"{""choice"":""blue"",""is_practice"":false,""proportionBlue"":0.4875,""condition"":""2"",""running_total_bonus"":1.8800000000000001,""current_bonus"":0.2,""participant_id"":""6""}"
71,2019-04-15 20:22:40.67632,,,,,,f,,{},meme,72,10,"{""choice"":""yellow"",""is_practice"":false,""proportionBlue"":0.4875,""condition"":""1"",""running_total_bonus"":2.0600000000000005,""current_bonus"":0.41000000000000003,""participant_id"":""7""}"
68,2019-04-15 20:22:36.277767,,,,,,f,,{},meme,69,2,"{""choice"":""blue"",""is_practice"":true,""proportionBlue"":0.5625,""condition"":""2"",""running_total_bonus"":0.25,""current_bonus"":0.43000000000000005,""participant_id"":""5""}"
73,2019-04-15 20:22:45.111524,,,,,,f,,{},meme,75,6,"{""choice"":""blue"",""is_practice"":false,""proportionBlue"":0.5375,""condition"":""2"",""running_total_bonus"":0.67,""current_bonus"":0.42000000000000004,""participant_id"":""5""}"
70,2019-04-15 20:22:39.938791,,,,,,f,,{},meme,70,6,"{""choice"":""blue"",""is_practice"":false,""proportionBlue"":0.5375,""condition"":""4"",""running_total_bonus"":3.9899999999999998,""current_bonus"":-0.01999999999999999,""participant_id"":""4""}"
72,2019-04-15 20:22:43.096491,,,,,,f,,{},meme,73,3,"{""choice"":""yellow"",""is_practice"":false,""proportionBlue"":0.5375,""condition"":""2"",""running_total_bonus"":2.9100000000000006,""current_bonus"":0.22,""participant_id"":""6""}"
76,2019-04-15 20:22:46.764247,,,,,,f,,{},meme,77,12,"{""choice"":""blue"",""is_practice"":false,""proportionBlue"":0.5375,""condition"":""2"",""running_total_bonus"":3.3300000000000005,""current_bonus"":0.42000000000000004,""participant_id"":""6""}"
77,2019-04-15 20:22:49.067344,,,,,,f,,{},meme,78,11,"{""choice"":""yellow"",""is_practice"":false,""proportionBlue"":0.475,""condition"":""1"",""running_total_bonus"":2.6600000000000006,""current_bonus"":0.41000000000000003,""participant_id"":""7""}"
78,2019-04-15 20:22:50.03186,,,,,,f,,{},meme,79,11,"{""choice"":""yellow"",""is_practice"":false,""proportionBlue"":0.475,""condition"":""4"",""running_total_bonus"":3.9799999999999995,""current_bonus"":0.010000000000000009,""participant_id"":""4""}"
79,2019-04-15 20:22:50.752167,,,,,,f,,{},meme,80,7,"{""choice"":""yellow"",""is_practice"":false,""proportionBlue"":0.4875,""condition"":""2"",""running_total_bonus"":3.7300000000000004,""current_bonus"":0.4,""participant_id"":""6""}"
80,2019-04-15 20:22:52.766541,,,,,,f,,{},meme,81,11,"{""choice"":""yellow"",""is_practice"":false,""proportionBlue"":0.475,""condition"":""2"",""running_total_bonus"":1.06,""current_bonus"":0.39,""participant_id"":""5""}"
81,2019-04-15 20:22:52.943146,,,,,,f,,{},meme,82,4,"{""choice"":""blue"",""is_practice"":false,""proportionBlue"":0.5125,""condition"":""1"",""running_total_bonus"":3.0600000000000005,""current_bonus"":0.4,""participant_id"":""7""}"
82,2019-04-15 20:22:54.967115,,,,,,f,,{},meme,83,4,"{""choice"":""yellow"",""is_practice"":false,""proportionBlue"":0.5125,""condition"":""4"",""running_total_bonus"":3.7699999999999996,""current_bonus"":-0.21,""participant_id"":""4""}"
83,2019-04-15 20:22:57.1692,,,,,,f,,{},meme,84,9,"{""choice"":""blue"",""is_practice"":false,""proportionBlue"":0.5375,""condition"":""1"",""running_total_bonus"":3.4500000000000006,""current_bonus"":0.39,""participant_id"":""7""}"
84,2019-04-15 20:22:57.83198,,,,,,f,,{},meme,85,7,"{""choice"":""yellow"",""is_practice"":false,""proportionBlue"":0.4875,""condition"":""2"",""running_total_bonus"":1.46,""current_bonus"":0.4,""participant_id"":""5""}"
85,2019-04-15 20:23:01.046023,,,,,,f,,{},meme,86,7,"{""choice"":""blue"",""is_practice"":false,""proportionBlue"":0.4875,""condition"":""4"",""running_total_bonus"":3.5699999999999994,""current_bonus"":-0.2,""participant_id"":""4""}"
86,2019-04-15 20:23:01.998884,,,,,,f,,{},meme,87,5,"{""choice"":""blue"",""is_practice"":false,""proportionBlue"":0.525,""condition"":""1"",""running_total_bonus"":3.8400000000000007,""current_bonus"":0.39,""participant_id"":""7""}"
87,2019-04-15 20:23:03.373288,,,,,,f,,{},meme,88,4,"{""choice"":""yellow"",""is_practice"":false,""proportionBlue"":0.5125,""condition"":""2"",""running_total_bonus"":1.67,""current_bonus"":0.21,""participant_id"":""5""}"
88,2019-04-15 20:23:06.968762,,,,,,f,,{},meme,89,3,"{""choice"":""blue"",""is_practice"":false,""proportionBlue"":0.5375,""condition"":""4"",""running_total_bonus"":3.5499999999999994,""current_bonus"":-0.01999999999999999,""participant_id"":""4""}"
89,2019-04-15 20:23:07.799342,,,,,,f,,{},meme,90,5,"{""choice"":""yellow"",""is_practice"":false,""proportionBlue"":0.525,""condition"":""2"",""running_total_bonus"":1.88,""current_bonus"":0.21,""participant_id"":""5""}"
90,2019-04-15 20:23:12.16237,,,,,,f,,{},meme,91,9,"{""choice"":""blue"",""is_practice"":false,""proportionBlue"":0.5375,""condition"":""4"",""running_total_bonus"":3.5299999999999994,""current_bonus"":-0.01999999999999999,""participant_id"":""4""}"
91,2019-04-15 20:23:14.766858,,,,,,f,,{},meme,92,3,"{""choice"":""blue"",""is_practice"":false,""proportionBlue"":0.5375,""condition"":""2"",""running_total_bonus"":2.3,""current_bonus"":0.42000000000000004,""participant_id"":""5""}"
92,2019-04-15 20:23:16.674357,,,,,,f,,{},meme,93,5,"{""choice"":""blue"",""is_practice"":false,""proportionBlue"":0.525,""condition"":""4"",""running_total_bonus"":3.5199999999999996,""current_bonus"":-0.009999999999999981,""participant_id"":""4""}"
93,2019-04-15 20:23:19.250639,,,,,,f,,{},meme,94,9,"{""choice"":""blue"",""is_practice"":false,""proportionBlue"":0.5375,""condition"":""2"",""running_total_bonus"":2.7199999999999998,""current_bonus"":0.42000000000000004,""participant_id"":""5""}"
94,2019-04-15 20:23:23.987814,,,,,,f,,{},meme,95,8,"{""choice"":""yellow"",""is_practice"":false,""proportionBlue"":0.475,""condition"":""2"",""running_total_bonus"":3.11,""current_bonus"":0.39,""participant_id"":""5""}"
95,2019-04-15 20:23:28.032708,,,,,,f,,{},meme,96,10,"{""choice"":""yellow"",""is_practice"":false,""proportionBlue"":0.4875,""condition"":""2"",""running_total_bonus"":3.51,""current_bonus"":0.4,""participant_id"":""5""}"
96,2019-04-15 20:23:32.801414,,,,,,f,,{},meme,97,12,"{""choice"":""blue"",""is_practice"":false,""proportionBlue"":0.5375,""condition"":""2"",""running_total_bonus"":3.9299999999999997,""current_bonus"":0.42000000000000004,""participant_id"":""5""}"
97,2019-04-15 20:23:48.242163,,,,,,f,,{},meme,53,1,"{""choice"":""blue"",""is_practice"":true,""proportionBlue"":0.575,""condition"":""1"",""running_total_bonus"":0.25,""current_bonus"":0.37,""participant_id"":""8""}"
98,2019-04-15 20:23:58.91466,,,,,,f,,{},meme,99,2,"{""choice"":""blue"",""is_practice"":true,""proportionBlue"":0.5625,""condition"":""1"",""running_total_bonus"":0.25,""current_bonus"":0.38,""participant_id"":""8""}"
99,2019-04-15 20:24:10.690538,,,,,,f,,{},meme,98,1,"{""choice"":""blue"",""is_practice"":true,""proportionBlue"":0.575,""condition"":""4"",""running_total_bonus"":4,""current_bonus"":-0.03,""participant_id"":""9""}"
100,2019-04-15 20:24:14.008805,,,,,,f,,{},meme,100,4,"{""choice"":""blue"",""is_practice"":false,""proportionBlue"":0.5125,""condition"":""1"",""running_total_bonus"":0.65,""current_bonus"":0.4,""participant_id"":""8""}"
101,2019-04-15 20:24:14.153083,,,,,,f,,{},meme,101,2,"{""choice"":""yellow"",""is_practice"":true,""proportionBlue"":0.5625,""condition"":""4"",""running_total_bonus"":4,""current_bonus"":-0.23,""participant_id"":""9""}"
102,2019-04-15 20:24:19.071665,,,,,,f,,{},meme,103,6,"{""choice"":""blue"",""is_practice"":false,""proportionBlue"":0.5375,""condition"":""4"",""running_total_bonus"":3.98,""current_bonus"":-0.01999999999999999,""participant_id"":""9""}"
103,2019-04-15 20:24:19.277394,,,,,,f,,{},meme,102,3,"{""choice"":""blue"",""is_practice"":false,""proportionBlue"":0.5375,""condition"":""1"",""running_total_bonus"":1.04,""current_bonus"":0.39,""participant_id"":""8""}"
104,2019-04-15 20:24:23.126383,,,,,,f,,{},meme,104,12,"{""choice"":""blue"",""is_practice"":false,""proportionBlue"":0.5375,""condition"":""4"",""running_total_bonus"":3.96,""current_bonus"":-0.01999999999999999,""participant_id"":""9""}"
105,2019-04-15 20:24:25.153723,,,,,,f,,{},meme,105,11,"{""choice"":""yellow"",""is_practice"":false,""proportionBlue"":0.475,""condition"":""1"",""running_total_bonus"":1.4500000000000002,""current_bonus"":0.41000000000000003,""participant_id"":""8""}"
106,2019-04-15 20:24:27.3711,,,,,,f,,{},meme,106,5,"{""choice"":""yellow"",""is_practice"":false,""proportionBlue"":0.525,""condition"":""4"",""running_total_bonus"":3.75,""current_bonus"":-0.21,""participant_id"":""9""}"
107,2019-04-15 20:24:29.661366,,,,,,f,,{},meme,107,5,"{""choice"":""blue"",""is_practice"":false,""proportionBlue"":0.525,""condition"":""1"",""running_total_bonus"":1.8400000000000003,""current_bonus"":0.39,""participant_id"":""8""}"
108,2019-04-15 20:24:30.527379,,,,,,f,,{},meme,108,8,"{""choice"":""blue"",""is_practice"":false,""proportionBlue"":0.475,""condition"":""4"",""running_total_bonus"":3.56,""current_bonus"":-0.19,""participant_id"":""9""}"
109,2019-04-15 20:24:34.610152,,,,,,f,,{},meme,110,10,"{""choice"":""blue"",""is_practice"":false,""proportionBlue"":0.4875,""condition"":""4"",""running_total_bonus"":3.36,""current_bonus"":-0.2,""participant_id"":""9""}"
121,2019-04-15 20:28:21.964854,,,,,,f,,{},meme,121,1,"{""choice"":""blue"",""is_practice"":true,""proportionBlue"":0.575,""condition"":""3"",""running_total_bonus"":4,""current_bonus"":0.03,""participant_id"":""10""}"
128,2019-04-15 20:28:54.466702,,,,,,f,,{},meme,128,11,"{""choice"":""yellow"",""is_practice"":false,""proportionBlue"":0.475,""condition"":""3"",""running_total_bonus"":4.02,""current_bonus"":-0.009999999999999981,""participant_id"":""10""}"
110,2019-04-15 20:24:35.423996,,,,,,f,,{},meme,109,9,"{""choice"":""blue"",""is_practice"":false,""proportionBlue"":0.5375,""condition"":""1"",""running_total_bonus"":2.2300000000000004,""current_bonus"":0.39,""participant_id"":""8""}"
111,2019-04-15 20:24:37.976259,,,,,,f,,{},meme,111,7,"{""choice"":""yellow"",""is_practice"":false,""proportionBlue"":0.4875,""condition"":""4"",""running_total_bonus"":3.36,""current_bonus"":0,""participant_id"":""9""}"
112,2019-04-15 20:24:39.451473,,,,,,f,,{},meme,112,7,"{""choice"":""yellow"",""is_practice"":false,""proportionBlue"":0.4875,""condition"":""1"",""running_total_bonus"":2.6400000000000006,""current_bonus"":0.41000000000000003,""participant_id"":""8""}"
113,2019-04-15 20:24:42.901526,,,,,,f,,{},meme,113,4,"{""choice"":""yellow"",""is_practice"":false,""proportionBlue"":0.5125,""condition"":""4"",""running_total_bonus"":3.15,""current_bonus"":-0.21,""participant_id"":""9""}"
114,2019-04-15 20:24:44.061845,,,,,,f,,{},meme,114,12,"{""choice"":""blue"",""is_practice"":false,""proportionBlue"":0.5375,""condition"":""1"",""running_total_bonus"":3.0300000000000007,""current_bonus"":0.39,""participant_id"":""8""}"
125,2019-04-15 20:28:45.313015,,,,,,f,,{},meme,125,3,"{""choice"":""blue"",""is_practice"":false,""proportionBlue"":0.5375,""condition"":""3"",""running_total_bonus"":4.01,""current_bonus"":0.010000000000000009,""participant_id"":""10""}"
115,2019-04-15 20:24:47.712595,,,,,,f,,{},meme,115,11,"{""choice"":""blue"",""is_practice"":false,""proportionBlue"":0.475,""condition"":""4"",""running_total_bonus"":2.96,""current_bonus"":-0.19,""participant_id"":""9""}"
116,2019-04-15 20:24:49.170959,,,,,,f,,{},meme,116,6,"{""choice"":""yellow"",""is_practice"":false,""proportionBlue"":0.5375,""condition"":""1"",""running_total_bonus"":3.2200000000000006,""current_bonus"":0.19,""participant_id"":""8""}"
117,2019-04-15 20:24:52.555324,,,,,,f,,{},meme,117,9,"{""choice"":""blue"",""is_practice"":false,""proportionBlue"":0.5375,""condition"":""4"",""running_total_bonus"":2.94,""current_bonus"":-0.01999999999999999,""participant_id"":""9""}"
120,2019-04-15 20:24:57.271419,,,,,,f,,{},meme,120,10,"{""choice"":""blue"",""is_practice"":false,""proportionBlue"":0.4875,""condition"":""1"",""running_total_bonus"":3.8400000000000007,""current_bonus"":0.21,""participant_id"":""8""}"
130,2019-04-15 20:29:01.233552,,,,,,f,,{},meme,130,10,"{""choice"":""blue"",""is_practice"":false,""proportionBlue"":0.4875,""condition"":""3"",""running_total_bonus"":3.8099999999999996,""current_bonus"":-0.21,""participant_id"":""10""}"
118,2019-04-15 20:24:53.153914,,,,,,f,,{},meme,118,8,"{""choice"":""yellow"",""is_practice"":false,""proportionBlue"":0.475,""condition"":""1"",""running_total_bonus"":3.630000000000001,""current_bonus"":0.41000000000000003,""participant_id"":""8""}"
119,2019-04-15 20:24:56.586149,,,,,,f,,{},meme,119,3,"{""choice"":""yellow"",""is_practice"":false,""proportionBlue"":0.5375,""condition"":""4"",""running_total_bonus"":2.7199999999999998,""current_bonus"":-0.22,""participant_id"":""9""}"
123,2019-04-15 20:28:37.781804,,,,,,f,,{},meme,123,12,"{""choice"":""blue"",""is_practice"":false,""proportionBlue"":0.5375,""condition"":""3"",""running_total_bonus"":4.01,""current_bonus"":0.010000000000000009,""participant_id"":""10""}"
127,2019-04-15 20:28:51.497459,,,,,,f,,{},meme,127,5,"{""choice"":""blue"",""is_practice"":false,""proportionBlue"":0.525,""condition"":""3"",""running_total_bonus"":4.029999999999999,""current_bonus"":0.010000000000000009,""participant_id"":""10""}"
131,2019-04-15 20:29:05.252675,,,,,,f,,{},meme,131,6,"{""choice"":""blue"",""is_practice"":false,""proportionBlue"":0.5375,""condition"":""3"",""running_total_bonus"":3.8199999999999994,""current_bonus"":0.010000000000000009,""participant_id"":""10""}"
122,2019-04-15 20:28:28.765067,,,,,,f,,{},meme,122,2,"{""choice"":""blue"",""is_practice"":true,""proportionBlue"":0.5625,""condition"":""3"",""running_total_bonus"":4,""current_bonus"":0.020000000000000018,""participant_id"":""10""}"
124,2019-04-15 20:28:42.184301,,,,,,f,,{},meme,124,7,"{""choice"":""yellow"",""is_practice"":false,""proportionBlue"":0.4875,""condition"":""3"",""running_total_bonus"":4,""current_bonus"":-0.009999999999999981,""participant_id"":""10""}"
126,2019-04-15 20:28:48.487454,,,,,,f,,{},meme,126,9,"{""choice"":""blue"",""is_practice"":false,""proportionBlue"":0.5375,""condition"":""3"",""running_total_bonus"":4.02,""current_bonus"":0.010000000000000009,""participant_id"":""10""}"
132,2019-04-15 20:29:08.742805,,,,,,f,,{},meme,132,8,"{""choice"":""blue"",""is_practice"":false,""proportionBlue"":0.475,""condition"":""3"",""running_total_bonus"":3.6099999999999994,""current_bonus"":-0.21,""participant_id"":""10""}"
129,2019-04-15 20:28:58.317583,,,,,,f,,{},meme,129,4,"{""choice"":""blue"",""is_practice"":false,""proportionBlue"":0.5125,""condition"":""3"",""running_total_bonus"":4.02,""current_bonus"":0,""participant_id"":""10""}"
133,2019-04-15 20:32:20.530167,,,,,,f,,{},meme,133,1,"{""choice"":""blue"",""is_practice"":true,""proportionBlue"":0.575,""condition"":""2"",""running_total_bonus"":0.25,""current_bonus"":0.43000000000000005,""participant_id"":""11""}"
134,2019-04-15 20:32:26.53731,,,,,,f,,{},meme,134,2,"{""choice"":""yellow"",""is_practice"":true,""proportionBlue"":0.5625,""condition"":""2"",""running_total_bonus"":0.25,""current_bonus"":0.23,""participant_id"":""11""}"
135,2019-04-15 20:32:37.481608,,,,,,f,,{},meme,135,4,"{""choice"":""yellow"",""is_practice"":false,""proportionBlue"":0.5125,""condition"":""2"",""running_total_bonus"":0.45999999999999996,""current_bonus"":0.21,""participant_id"":""11""}"
136,2019-04-15 20:32:48.683231,,,,,,f,,{},meme,136,3,"{""choice"":""blue"",""is_practice"":false,""proportionBlue"":0.5375,""condition"":""2"",""running_total_bonus"":0.88,""current_bonus"":0.42000000000000004,""participant_id"":""11""}"
137,2019-04-15 20:32:55.880544,,,,,,f,,{},meme,137,8,"{""choice"":""yellow"",""is_practice"":false,""proportionBlue"":0.475,""condition"":""2"",""running_total_bonus"":1.27,""current_bonus"":0.39,""participant_id"":""11""}"
138,2019-04-15 20:33:19.315658,,,,,,f,,{},meme,138,9,"{""choice"":""blue"",""is_practice"":false,""proportionBlue"":0.5375,""condition"":""2"",""running_total_bonus"":1.69,""current_bonus"":0.42000000000000004,""participant_id"":""11""}"
139,2019-04-15 20:33:30.367393,,,,,,f,,{},meme,139,12,"{""choice"":""yellow"",""is_practice"":false,""proportionBlue"":0.5375,""condition"":""2"",""running_total_bonus"":1.91,""current_bonus"":0.22,""participant_id"":""11""}"
140,2019-04-15 20:33:39.060996,,,,,,f,,{},meme,140,5,"{""choice"":""blue"",""is_practice"":false,""proportionBlue"":0.525,""condition"":""2"",""running_total_bonus"":2.32,""current_bonus"":0.41000000000000003,""participant_id"":""11""}"
141,2019-04-15 20:33:46.249345,,,,,,f,,{},meme,141,11,"{""choice"":""blue"",""is_practice"":false,""proportionBlue"":0.475,""condition"":""2"",""running_total_bonus"":2.51,""current_bonus"":0.19,""participant_id"":""11""}"
142,2019-04-15 20:34:03.27543,,,,,,f,,{},meme,142,7,"{""choice"":""blue"",""is_practice"":false,""proportionBlue"":0.4875,""condition"":""2"",""running_total_bonus"":2.71,""current_bonus"":0.2,""participant_id"":""11""}"
143,2019-04-15 20:34:37.266673,,,,,,f,,{},meme,143,10,"{""choice"":""yellow"",""is_practice"":false,""proportionBlue"":0.4875,""condition"":""2"",""running_total_bonus"":3.11,""current_bonus"":0.4,""participant_id"":""11""}"
144,2019-04-15 20:34:43.788087,,,,,,f,,{},meme,144,6,"{""choice"":""yellow"",""is_practice"":false,""proportionBlue"":0.5375,""condition"":""2"",""running_total_bonus"":3.33,""current_bonus"":0.22,""participant_id"":""11""}"
145,2019-04-15 20:37:55.150103,,,,,,f,,{},meme,145,1,"{""choice"":""blue"",""is_practice"":true,""proportionBlue"":0.575,""condition"":""1"",""running_total_bonus"":0.25,""current_bonus"":0.37,""participant_id"":""12""}"
146,2019-04-15 20:38:02.195645,,,,,,f,,{},meme,147,2,"{""choice"":""blue"",""is_practice"":true,""proportionBlue"":0.5625,""condition"":""1"",""running_total_bonus"":0.25,""current_bonus"":0.38,""participant_id"":""12""}"
147,2019-04-15 20:38:10.288692,,,,,,f,,{},meme,148,10,"{""choice"":""yellow"",""is_practice"":false,""proportionBlue"":0.4875,""condition"":""1"",""running_total_bonus"":0.66,""current_bonus"":0.41000000000000003,""participant_id"":""12""}"
148,2019-04-15 20:38:14.074398,,,,,,f,,{},meme,149,6,"{""choice"":""blue"",""is_practice"":false,""proportionBlue"":0.5375,""condition"":""1"",""running_total_bonus"":1.05,""current_bonus"":0.39,""participant_id"":""12""}"
149,2019-04-15 20:38:17.940827,,,,,,f,,{},meme,150,7,"{""choice"":""yellow"",""is_practice"":false,""proportionBlue"":0.4875,""condition"":""1"",""running_total_bonus"":1.46,""current_bonus"":0.41000000000000003,""participant_id"":""12""}"
150,2019-04-15 20:38:21.500025,,,,,,f,,{},meme,151,3,"{""choice"":""blue"",""is_practice"":false,""proportionBlue"":0.5375,""condition"":""1"",""running_total_bonus"":1.85,""current_bonus"":0.39,""participant_id"":""12""}"
151,2019-04-15 20:38:27.341773,,,,,,f,,{},meme,152,9,"{""choice"":""blue"",""is_practice"":false,""proportionBlue"":0.5375,""condition"":""1"",""running_total_bonus"":2.24,""current_bonus"":0.39,""participant_id"":""12""}"
152,2019-04-15 20:38:31.747982,,,,,,f,,{},meme,153,11,"{""choice"":""yellow"",""is_practice"":false,""proportionBlue"":0.475,""condition"":""1"",""running_total_bonus"":2.6500000000000004,""current_bonus"":0.41000000000000003,""participant_id"":""12""}"
153,2019-04-15 20:38:36.977113,,,,,,f,,{},meme,154,8,"{""choice"":""yellow"",""is_practice"":false,""proportionBlue"":0.475,""condition"":""1"",""running_total_bonus"":3.0600000000000005,""current_bonus"":0.41000000000000003,""participant_id"":""12""}"
154,2019-04-15 20:38:42.804263,,,,,,f,,{},meme,155,5,"{""choice"":""yellow"",""is_practice"":false,""proportionBlue"":0.525,""condition"":""1"",""running_total_bonus"":3.2500000000000004,""current_bonus"":0.19,""participant_id"":""12""}"
155,2019-04-15 20:38:47.719072,,,,,,f,,{},meme,156,4,"{""choice"":""yellow"",""is_practice"":false,""proportionBlue"":0.5125,""condition"":""1"",""running_total_bonus"":3.4500000000000006,""current_bonus"":0.2,""participant_id"":""12""}"
156,2019-04-15 20:38:51.611781,,,,,,f,,{},meme,157,12,"{""choice"":""yellow"",""is_practice"":false,""proportionBlue"":0.5375,""condition"":""1"",""running_total_bonus"":3.6400000000000006,""current_bonus"":0.19,""participant_id"":""12""}"
157,2019-04-15 20:39:39.130254,,,,,,f,,{},meme,146,1,"{""choice"":""blue"",""is_practice"":true,""proportionBlue"":0.575,""condition"":""2"",""running_total_bonus"":0.25,""current_bonus"":0.43000000000000005,""participant_id"":""13""}"
158,2019-04-15 20:39:53.28492,,,,,,f,,{},meme,160,2,"{""choice"":""blue"",""is_practice"":true,""proportionBlue"":0.5625,""condition"":""2"",""running_total_bonus"":0.25,""current_bonus"":0.43000000000000005,""participant_id"":""13""}"
159,2019-04-15 20:40:04.207364,,,,,,f,,{},meme,161,3,"{""choice"":""blue"",""is_practice"":false,""proportionBlue"":0.5375,""condition"":""2"",""running_total_bonus"":0.67,""current_bonus"":0.42000000000000004,""participant_id"":""13""}"
160,2019-04-15 20:40:13.766886,,,,,,f,,{},meme,162,10,"{""choice"":""yellow"",""is_practice"":false,""proportionBlue"":0.4875,""condition"":""2"",""running_total_bonus"":1.07,""current_bonus"":0.4,""participant_id"":""13""}"
161,2019-04-15 20:40:21.083549,,,,,,f,,{},meme,164,8,"{""choice"":""blue"",""is_practice"":false,""proportionBlue"":0.475,""condition"":""2"",""running_total_bonus"":1.26,""current_bonus"":0.19,""participant_id"":""13""}"
162,2019-04-15 20:40:26.906567,,,,,,f,,{},meme,159,1,"{""choice"":""yellow"",""is_practice"":true,""proportionBlue"":0.575,""condition"":""3"",""running_total_bonus"":4,""current_bonus"":-0.17,""participant_id"":""15""}"
163,2019-04-15 20:40:27.556208,,,,,,f,,{},meme,165,9,"{""choice"":""blue"",""is_practice"":false,""proportionBlue"":0.5375,""condition"":""2"",""running_total_bonus"":1.6800000000000002,""current_bonus"":0.42000000000000004,""participant_id"":""13""}"
164,2019-04-15 20:40:34.473964,,,,,,f,,{},meme,166,11,"{""choice"":""yellow"",""is_practice"":false,""proportionBlue"":0.475,""condition"":""2"",""running_total_bonus"":2.0700000000000003,""current_bonus"":0.39,""participant_id"":""13""}"
165,2019-04-15 20:40:41.194917,,,,,,f,,{},meme,167,4,"{""choice"":""blue"",""is_practice"":false,""proportionBlue"":0.5125,""condition"":""2"",""running_total_bonus"":2.4800000000000004,""current_bonus"":0.41000000000000003,""participant_id"":""13""}"
166,2019-04-15 20:40:47.414578,,,,,,f,,{},meme,168,12,"{""choice"":""blue"",""is_practice"":false,""proportionBlue"":0.5375,""condition"":""2"",""running_total_bonus"":2.9000000000000004,""current_bonus"":0.42000000000000004,""participant_id"":""13""}"
175,2019-04-15 20:41:15.950342,,,,,,f,,{},meme,176,6,"{""choice"":""yellow"",""is_practice"":false,""proportionBlue"":0.5375,""condition"":""3"",""running_total_bonus"":3.8299999999999996,""current_bonus"":-0.19,""participant_id"":""15""}"
167,2019-04-15 20:40:52.46418,,,,,,f,,{},meme,159,1,"{""choice"":""blue"",""is_practice"":true,""proportionBlue"":0.575,""condition"":""3"",""running_total_bonus"":4,""current_bonus"":0.03,""participant_id"":""15""}"
177,2019-04-15 20:41:18.922423,,,,,,f,,{},meme,178,11,"{""choice"":""blue"",""is_practice"":false,""proportionBlue"":0.475,""condition"":""3"",""running_total_bonus"":3.6199999999999997,""current_bonus"":-0.21,""participant_id"":""15""}"
193,2019-04-15 20:41:45.728807,,,,,,f,,{},meme,193,4,"{""choice"":""blue"",""is_practice"":false,""proportionBlue"":0.5125,""condition"":""2"",""running_total_bonus"":3.5300000000000002,""current_bonus"":0.41000000000000003,""participant_id"":""17""}"
198,2019-04-15 20:42:04.315123,,,,,,f,,{},meme,198,11,"{""choice"":""yellow"",""is_practice"":false,""proportionBlue"":0.475,""condition"":""1"",""running_total_bonus"":1.65,""current_bonus"":0.41000000000000003,""participant_id"":""16""}"
204,2019-04-15 20:42:33.548735,,,,,,f,,{},meme,204,6,"{""choice"":""blue"",""is_practice"":false,""proportionBlue"":0.5375,""condition"":""1"",""running_total_bonus"":3.4400000000000004,""current_bonus"":0.39,""participant_id"":""16""}"
168,2019-04-15 20:40:52.466182,,,,,,f,,{},meme,169,5,"{""choice"":""blue"",""is_practice"":false,""proportionBlue"":0.525,""condition"":""2"",""running_total_bonus"":3.3100000000000005,""current_bonus"":0.41000000000000003,""participant_id"":""13""}"
169,2019-04-15 20:40:58.10442,,,,,,f,,{},meme,170,7,"{""choice"":""blue"",""is_practice"":false,""proportionBlue"":0.4875,""condition"":""2"",""running_total_bonus"":3.5100000000000007,""current_bonus"":0.2,""participant_id"":""13""}"
176,2019-04-15 20:41:16.886218,,,,,,f,,{},meme,177,2,"{""choice"":""yellow"",""is_practice"":true,""proportionBlue"":0.5625,""condition"":""2"",""running_total_bonus"":0.25,""current_bonus"":0.23,""participant_id"":""17""}"
181,2019-04-15 20:41:26.682921,,,,,,f,,{},meme,182,5,"{""choice"":""yellow"",""is_practice"":false,""proportionBlue"":0.525,""condition"":""3"",""running_total_bonus"":3.2199999999999998,""current_bonus"":-0.19,""participant_id"":""15""}"
191,2019-04-15 20:41:41.735731,,,,,,f,,{},meme,191,2,"{""choice"":""yellow"",""is_practice"":true,""proportionBlue"":0.5625,""condition"":""1"",""running_total_bonus"":0.25,""current_bonus"":0.18,""participant_id"":""16""}"
170,2019-04-15 20:40:58.769639,,,,,,f,,{},meme,171,2,"{""choice"":""blue"",""is_practice"":true,""proportionBlue"":0.5625,""condition"":""3"",""running_total_bonus"":4,""current_bonus"":0.020000000000000018,""participant_id"":""15""}"
173,2019-04-15 20:41:12.669877,,,,,,f,,{},meme,175,9,"{""choice"":""blue"",""is_practice"":false,""proportionBlue"":0.5375,""condition"":""3"",""running_total_bonus"":4.02,""current_bonus"":0.010000000000000009,""participant_id"":""15""}"
189,2019-04-15 20:41:36.695407,,,,,,f,,{},meme,188,3,"{""choice"":""blue"",""is_practice"":false,""proportionBlue"":0.5375,""condition"":""3"",""running_total_bonus"":3.0199999999999996,""current_bonus"":0.010000000000000009,""participant_id"":""15""}"
171,2019-04-15 20:41:02.86801,,,,,,f,,{},meme,172,6,"{""choice"":""blue"",""is_practice"":false,""proportionBlue"":0.5375,""condition"":""2"",""running_total_bonus"":3.9300000000000006,""current_bonus"":0.42000000000000004,""participant_id"":""13""}"
172,2019-04-15 20:41:08.974016,,,,,,f,,{},meme,174,12,"{""choice"":""blue"",""is_practice"":false,""proportionBlue"":0.5375,""condition"":""3"",""running_total_bonus"":4.01,""current_bonus"":0.010000000000000009,""participant_id"":""15""}"
184,2019-04-15 20:41:30.563872,,,,,,f,,{},meme,184,11,"{""choice"":""yellow"",""is_practice"":false,""proportionBlue"":0.475,""condition"":""2"",""running_total_bonus"":1.9000000000000004,""current_bonus"":0.39,""participant_id"":""17""}"
174,2019-04-15 20:41:14.191798,,,,,,f,,{},meme,173,1,"{""choice"":""blue"",""is_practice"":true,""proportionBlue"":0.575,""condition"":""2"",""running_total_bonus"":0.25,""current_bonus"":0.43000000000000005,""participant_id"":""17""}"
196,2019-04-15 20:41:57.908791,,,,,,f,,{},meme,196,8,"{""choice"":""yellow"",""is_practice"":false,""proportionBlue"":0.475,""condition"":""1"",""running_total_bonus"":1.05,""current_bonus"":0.41000000000000003,""participant_id"":""16""}"
178,2019-04-15 20:41:20.340643,,,,,,f,,{},meme,179,3,"{""choice"":""blue"",""is_practice"":false,""proportionBlue"":0.5375,""condition"":""2"",""running_total_bonus"":0.67,""current_bonus"":0.42000000000000004,""participant_id"":""17""}"
199,2019-04-15 20:42:07.28858,,,,,,f,,{},meme,199,10,"{""choice"":""blue"",""is_practice"":false,""proportionBlue"":0.4875,""condition"":""1"",""running_total_bonus"":1.8599999999999999,""current_bonus"":0.21,""participant_id"":""16""}"
179,2019-04-15 20:41:22.796813,,,,,,f,,{},meme,180,8,"{""choice"":""blue"",""is_practice"":false,""proportionBlue"":0.475,""condition"":""3"",""running_total_bonus"":3.4099999999999997,""current_bonus"":-0.21,""participant_id"":""15""}"
185,2019-04-15 20:41:32.782184,,,,,,f,,{},meme,163,1,"{""choice"":""blue"",""is_practice"":true,""proportionBlue"":0.575,""condition"":""1"",""running_total_bonus"":0.25,""current_bonus"":0.37,""participant_id"":""16""}"
180,2019-04-15 20:41:23.161854,,,,,,f,,{},meme,181,6,"{""choice"":""blue"",""is_practice"":false,""proportionBlue"":0.5375,""condition"":""2"",""running_total_bonus"":1.09,""current_bonus"":0.42000000000000004,""participant_id"":""17""}"
182,2019-04-15 20:41:26.683239,,,,,,f,,{},meme,183,9,"{""choice"":""blue"",""is_practice"":false,""proportionBlue"":0.5375,""condition"":""2"",""running_total_bonus"":1.5100000000000002,""current_bonus"":0.42000000000000004,""participant_id"":""17""}"
183,2019-04-15 20:41:30.483077,,,,,,f,,{},meme,185,4,"{""choice"":""yellow"",""is_practice"":false,""proportionBlue"":0.5125,""condition"":""3"",""running_total_bonus"":3.0199999999999996,""current_bonus"":-0.2,""participant_id"":""15""}"
186,2019-04-15 20:41:33.327193,,,,,,f,,{},meme,186,10,"{""choice"":""yellow"",""is_practice"":false,""proportionBlue"":0.4875,""condition"":""3"",""running_total_bonus"":3.01,""current_bonus"":-0.009999999999999981,""participant_id"":""15""}"
202,2019-04-15 20:42:26.318211,,,,,,f,,{},meme,202,4,"{""choice"":""yellow"",""is_practice"":false,""proportionBlue"":0.5125,""condition"":""1"",""running_total_bonus"":2.8400000000000003,""current_bonus"":0.2,""participant_id"":""16""}"
187,2019-04-15 20:41:33.429077,,,,,,f,,{},meme,187,12,"{""choice"":""blue"",""is_practice"":false,""proportionBlue"":0.5375,""condition"":""2"",""running_total_bonus"":2.3200000000000003,""current_bonus"":0.42000000000000004,""participant_id"":""17""}"
200,2019-04-15 20:42:10.93923,,,,,,f,,{},meme,200,5,"{""choice"":""blue"",""is_practice"":false,""proportionBlue"":0.525,""condition"":""1"",""running_total_bonus"":2.25,""current_bonus"":0.39,""participant_id"":""16""}"
188,2019-04-15 20:41:36.689413,,,,,,f,,{},meme,189,10,"{""choice"":""yellow"",""is_practice"":false,""proportionBlue"":0.4875,""condition"":""2"",""running_total_bonus"":2.72,""current_bonus"":0.4,""participant_id"":""17""}"
190,2019-04-15 20:41:39.559662,,,,,,f,,{},meme,190,8,"{""choice"":""blue"",""is_practice"":false,""proportionBlue"":0.475,""condition"":""2"",""running_total_bonus"":2.91,""current_bonus"":0.19,""participant_id"":""17""}"
197,2019-04-15 20:42:01.466223,,,,,,f,,{},meme,197,12,"{""choice"":""yellow"",""is_practice"":false,""proportionBlue"":0.5375,""condition"":""1"",""running_total_bonus"":1.24,""current_bonus"":0.19,""participant_id"":""16""}"
192,2019-04-15 20:41:42.803201,,,,,,f,,{},meme,192,5,"{""choice"":""yellow"",""is_practice"":false,""proportionBlue"":0.525,""condition"":""2"",""running_total_bonus"":3.12,""current_bonus"":0.21,""participant_id"":""17""}"
194,2019-04-15 20:41:48.707012,,,,,,f,,{},meme,194,7,"{""choice"":""blue"",""is_practice"":false,""proportionBlue"":0.4875,""condition"":""2"",""running_total_bonus"":3.7300000000000004,""current_bonus"":0.2,""participant_id"":""17""}"
195,2019-04-15 20:41:54.229289,,,,,,f,,{},meme,195,9,"{""choice"":""blue"",""is_practice"":false,""proportionBlue"":0.5375,""condition"":""1"",""running_total_bonus"":0.64,""current_bonus"":0.39,""participant_id"":""16""}"
201,2019-04-15 20:42:21.631453,,,,,,f,,{},meme,201,3,"{""choice"":""blue"",""is_practice"":false,""proportionBlue"":0.5375,""condition"":""1"",""running_total_bonus"":2.64,""current_bonus"":0.39,""participant_id"":""16""}"
203,2019-04-15 20:42:30.008258,,,,,,f,,{},meme,203,7,"{""choice"":""blue"",""is_practice"":false,""proportionBlue"":0.4875,""condition"":""1"",""running_total_bonus"":3.0500000000000003,""current_bonus"":0.21,""participant_id"":""16""}"
205,2019-04-15 20:47:09.035337,,,,,,f,,{},meme,205,1,"{""choice"":""blue"",""is_practice"":true,""proportionBlue"":0.575,""condition"":""4"",""running_total_bonus"":4,""current_bonus"":-0.03,""participant_id"":""18""}"
206,2019-04-15 20:47:15.121675,,,,,,f,,{},meme,206,2,"{""choice"":""blue"",""is_practice"":true,""proportionBlue"":0.5625,""condition"":""4"",""running_total_bonus"":4,""current_bonus"":-0.03,""participant_id"":""18""}"
207,2019-04-15 20:47:23.799444,,,,,,f,,{},meme,207,6,"{""choice"":""blue"",""is_practice"":false,""proportionBlue"":0.5375,""condition"":""4"",""running_total_bonus"":3.98,""current_bonus"":-0.01999999999999999,""participant_id"":""18""}"
208,2019-04-15 20:47:27.935547,,,,,,f,,{},meme,208,11,"{""choice"":""blue"",""is_practice"":false,""proportionBlue"":0.475,""condition"":""4"",""running_total_bonus"":3.79,""current_bonus"":-0.19,""participant_id"":""18""}"
209,2019-04-15 20:47:31.666114,,,,,,f,,{},meme,209,10,"{""choice"":""blue"",""is_practice"":false,""proportionBlue"":0.4875,""condition"":""4"",""running_total_bonus"":3.59,""current_bonus"":-0.2,""participant_id"":""18""}"
210,2019-04-15 20:47:35.348142,,,,,,f,,{},meme,210,5,"{""choice"":""yellow"",""is_practice"":false,""proportionBlue"":0.525,""condition"":""4"",""running_total_bonus"":3.38,""current_bonus"":-0.21,""participant_id"":""18""}"
211,2019-04-15 20:47:38.765925,,,,,,f,,{},meme,211,12,"{""choice"":""blue"",""is_practice"":false,""proportionBlue"":0.5375,""condition"":""4"",""running_total_bonus"":3.36,""current_bonus"":-0.01999999999999999,""participant_id"":""18""}"
212,2019-04-15 20:47:42.100911,,,,,,f,,{},meme,212,8,"{""choice"":""blue"",""is_practice"":false,""proportionBlue"":0.475,""condition"":""4"",""running_total_bonus"":3.17,""current_bonus"":-0.19,""participant_id"":""18""}"
213,2019-04-15 20:47:45.55567,,,,,,f,,{},meme,213,3,"{""choice"":""blue"",""is_practice"":false,""proportionBlue"":0.5375,""condition"":""4"",""running_total_bonus"":3.15,""current_bonus"":-0.01999999999999999,""participant_id"":""18""}"
214,2019-04-15 20:47:49.131881,,,,,,f,,{},meme,214,7,"{""choice"":""yellow"",""is_practice"":false,""proportionBlue"":0.4875,""condition"":""4"",""running_total_bonus"":3.15,""current_bonus"":0,""participant_id"":""18""}"
215,2019-04-15 20:47:52.761781,,,,,,f,,{},meme,215,4,"{""choice"":""yellow"",""is_practice"":false,""proportionBlue"":0.5125,""condition"":""4"",""running_total_bonus"":2.94,""current_bonus"":-0.21,""participant_id"":""18""}"
216,2019-04-15 20:47:56.123009,,,,,,f,,{},meme,216,9,"{""choice"":""blue"",""is_practice"":false,""proportionBlue"":0.5375,""condition"":""4"",""running_total_bonus"":2.92,""current_bonus"":-0.01999999999999999,""participant_id"":""18""}"
217,2019-04-15 20:57:31.464353,,,,,,f,,{},meme,217,1,"{""choice"":""blue"",""is_practice"":true,""proportionBlue"":0.575,""condition"":""3"",""running_total_bonus"":4,""current_bonus"":0.03,""participant_id"":""19""}"
218,2019-04-15 20:57:37.605001,,,,,,f,,{},meme,218,2,"{""choice"":""blue"",""is_practice"":true,""proportionBlue"":0.5625,""condition"":""3"",""running_total_bonus"":4,""current_bonus"":0.020000000000000018,""participant_id"":""19""}"
219,2019-04-15 20:57:48.058326,,,,,,f,,{},meme,219,9,"{""choice"":""blue"",""is_practice"":false,""proportionBlue"":0.5375,""condition"":""3"",""running_total_bonus"":4.01,""current_bonus"":0.010000000000000009,""participant_id"":""19""}"
220,2019-04-15 20:57:54.328006,,,,,,f,,{},meme,220,5,"{""choice"":""blue"",""is_practice"":false,""proportionBlue"":0.525,""condition"":""3"",""running_total_bonus"":4.02,""current_bonus"":0.010000000000000009,""participant_id"":""19""}"
221,2019-04-15 20:58:01.466882,,,,,,f,,{},meme,221,3,"{""choice"":""yellow"",""is_practice"":false,""proportionBlue"":0.5375,""condition"":""3"",""running_total_bonus"":3.8299999999999996,""current_bonus"":-0.19,""participant_id"":""19""}"
222,2019-04-15 20:58:07.233412,,,,,,f,,{},meme,222,7,"{""choice"":""yellow"",""is_practice"":false,""proportionBlue"":0.4875,""condition"":""3"",""running_total_bonus"":3.82,""current_bonus"":-0.009999999999999981,""participant_id"":""19""}"
223,2019-04-15 20:58:12.48298,,,,,,f,,{},meme,223,4,"{""choice"":""blue"",""is_practice"":false,""proportionBlue"":0.5125,""condition"":""3"",""running_total_bonus"":3.82,""current_bonus"":0,""participant_id"":""19""}"
224,2019-04-15 20:58:17.666684,,,,,,f,,{},meme,225,6,"{""choice"":""blue"",""is_practice"":false,""proportionBlue"":0.5375,""condition"":""3"",""running_total_bonus"":3.83,""current_bonus"":0.010000000000000009,""participant_id"":""19""}"
225,2019-04-15 20:58:26.580462,,,,,,f,,{},meme,226,12,"{""choice"":""yellow"",""is_practice"":false,""proportionBlue"":0.5375,""condition"":""3"",""running_total_bonus"":3.64,""current_bonus"":-0.19,""participant_id"":""19""}"
226,2019-04-15 20:58:33.945118,,,,,,f,,{},meme,227,8,"{""choice"":""yellow"",""is_practice"":false,""proportionBlue"":0.475,""condition"":""3"",""running_total_bonus"":3.6300000000000003,""current_bonus"":-0.009999999999999981,""participant_id"":""19""}"
227,2019-04-15 20:58:39.779084,,,,,,f,,{},meme,228,11,"{""choice"":""yellow"",""is_practice"":false,""proportionBlue"":0.475,""condition"":""3"",""running_total_bonus"":3.6200000000000006,""current_bonus"":-0.009999999999999981,""participant_id"":""19""}"
228,2019-04-15 20:58:45.488634,,,,,,f,,{},meme,229,10,"{""choice"":""blue"",""is_practice"":false,""proportionBlue"":0.4875,""condition"":""3"",""running_total_bonus"":3.4100000000000006,""current_bonus"":-0.21,""participant_id"":""19""}"
229,2019-04-15 20:59:22.462147,,,,,,f,,{},meme,224,1,"{""choice"":""blue"",""is_practice"":true,""proportionBlue"":0.575,""condition"":""3"",""running_total_bonus"":4,""current_bonus"":0.03,""participant_id"":""20""}"
230,2019-04-15 20:59:30.792743,,,,,,f,,{},meme,230,2,"{""choice"":""yellow"",""is_practice"":true,""proportionBlue"":0.5625,""condition"":""3"",""running_total_bonus"":4,""current_bonus"":-0.18,""participant_id"":""20""}"
231,2019-04-15 20:59:52.70299,,,,,,f,,{},meme,231,5,"{""choice"":""blue"",""is_practice"":false,""proportionBlue"":0.525,""condition"":""3"",""running_total_bonus"":4.01,""current_bonus"":0.010000000000000009,""participant_id"":""20""}"
232,2019-04-15 20:59:58.552703,,,,,,f,,{},meme,232,11,"{""choice"":""yellow"",""is_practice"":false,""proportionBlue"":0.475,""condition"":""3"",""running_total_bonus"":4,""current_bonus"":-0.009999999999999981,""participant_id"":""20""}"
233,2019-04-15 21:00:03.602936,,,,,,f,,{},meme,233,8,"{""choice"":""blue"",""is_practice"":false,""proportionBlue"":0.475,""condition"":""3"",""running_total_bonus"":3.79,""current_bonus"":-0.21,""participant_id"":""20""}"
234,2019-04-15 21:00:09.427005,,,,,,f,,{},meme,234,6,"{""choice"":""blue"",""is_practice"":false,""proportionBlue"":0.5375,""condition"":""3"",""running_total_bonus"":3.8,""current_bonus"":0.010000000000000009,""participant_id"":""20""}"
235,2019-04-15 21:00:24.525196,,,,,,f,,{},meme,235,7,"{""choice"":""yellow"",""is_practice"":false,""proportionBlue"":0.4875,""condition"":""3"",""running_total_bonus"":3.79,""current_bonus"":-0.009999999999999981,""participant_id"":""20""}"
236,2019-04-15 21:00:32.868124,,,,,,f,,{},meme,236,12,"{""choice"":""blue"",""is_practice"":false,""proportionBlue"":0.5375,""condition"":""3"",""running_total_bonus"":3.8,""current_bonus"":0.010000000000000009,""participant_id"":""20""}"
237,2019-04-15 21:00:37.041106,,,,,,f,,{},meme,237,9,"{""choice"":""blue"",""is_practice"":false,""proportionBlue"":0.5375,""condition"":""3"",""running_total_bonus"":3.8099999999999996,""current_bonus"":0.010000000000000009,""participant_id"":""20""}"
238,2019-04-15 21:00:42.512717,,,,,,f,,{},meme,238,10,"{""choice"":""blue"",""is_practice"":false,""proportionBlue"":0.4875,""condition"":""3"",""running_total_bonus"":3.5999999999999996,""current_bonus"":-0.21,""participant_id"":""20""}"
239,2019-04-15 21:00:47.391609,,,,,,f,,{},meme,239,4,"{""choice"":""yellow"",""is_practice"":false,""proportionBlue"":0.5125,""condition"":""3"",""running_total_bonus"":3.3999999999999995,""current_bonus"":-0.2,""participant_id"":""20""}"
240,2019-04-15 21:00:57.642155,,,,,,f,,{},meme,240,3,"{""choice"":""blue"",""is_practice"":false,""proportionBlue"":0.5375,""condition"":""3"",""running_total_bonus"":3.4099999999999993,""current_bonus"":0.010000000000000009,""participant_id"":""20""}"
