id,creation_time,property1,property2,property3,property4,property5,failed,time_of_death,details,type,max_size,full,role
1,2019-04-15 20:17:40.962842,4,20,True,,,f,,{},particlefilter,22,f,practice
2,2019-04-15 20:17:40.965274,3,20,True,,,f,,{},particlefilter,22,f,practice
3,2019-04-15 20:17:40.966878,2,20,True,,,f,,{},particlefilter,22,f,experiment
4,2019-04-15 20:17:40.968517,2,20,True,,,f,,{},particlefilter,22,f,experiment
5,2019-04-15 20:17:40.970527,1,20,True,,,f,,{},particlefilter,22,f,experiment
6,2019-04-15 20:17:40.972419,3,20,True,,,f,,{},particlefilter,22,f,experiment
7,2019-04-15 20:17:40.974061,1,20,True,,,f,,{},particlefilter,22,f,experiment
8,2019-04-15 20:17:40.975814,3,20,True,,,f,,{},particlefilter,22,f,experiment
9,2019-04-15 20:17:40.977607,2,20,True,,,f,,{},particlefilter,22,f,experiment
10,2019-04-15 20:17:40.97932,1,20,True,,,f,,{},particlefilter,22,f,experiment
11,2019-04-15 20:17:40.980864,4,20,True,,,f,,{},particlefilter,22,f,experiment
12,2019-04-15 20:17:40.982435,4,20,True,,,f,,{},particlefilter,22,f,experiment
