id,creation_time,property1,property2,property3,property4,property5,failed,time_of_death,details,assignment_id,event_type
1,2019-04-15 20:17:52.191839,,,,,,f,,{},3VNXK88KKDBWUAANP555H7KX8UQV92,AssignmentAccepted
2,2019-04-15 20:17:52.221243,,,,,,f,,{},3HRMW88U17JV8TS1BHLL100REXL0MF,AssignmentAccepted
3,2019-04-15 20:17:52.242747,,,,,,f,,{},336KAV9KYRL2YKKT97DAEJGDK5J2YR,AssignmentAccepted
4,2019-04-15 20:17:52.272803,,,,,,f,,{},3YHH42UU5C8B2BAGB5K61NL2ESV0LD,AssignmentAccepted
5,2019-04-15 20:17:52.322636,,,,,,f,,{},32N49TQG3HBAZTKSHBJ5D2VHEC8VAH,AssignmentAccepted
6,2019-04-15 20:17:52.381691,,,,,,f,,{},3FDJT1UU751ZDCEZNBEH3I4E6015K0,AssignmentAccepted
7,2019-04-15 20:17:52.432922,,,,,,f,,{},3OVR4I9USQC3SW8UMBF4UCA95AXQ47,AssignmentAccepted
8,2019-04-15 20:17:54.673183,,,,,,f,,{},3YDGXNSEO0NXMS8Y0HY48LP9B4C84F,AssignmentAccepted
9,2019-04-15 20:17:54.779009,,,,,,f,,{},3Q5ZZ9ZEVP8FIBCYEMHEDDVNB0785K,AssignmentAccepted
10,2019-04-15 20:17:54.803013,,,,,,f,,{},3L70J4KAZHFO5CK6QQJB7GPAE55ADY,AssignmentAccepted
11,2019-04-15 20:17:56.924831,,,,,,f,,{},39LOEL67OTYC4WPU03TLYGX3X4G83U,AssignmentAccepted
12,2019-04-15 20:17:56.98319,,,,,,f,,{},3X0H8UUIT2HREE6ROLASK4817RHSWK,AssignmentAccepted
13,2019-04-15 20:17:57.060819,,,,,,f,,{},3IO1LGZLKAQB1FCCJ5RJ5J9N7VI860,AssignmentAccepted
14,2019-04-15 20:17:57.108303,,,,,,f,,{},33CUSNVVNO5Y5TV0CKOHPX5EDQ888M,AssignmentAccepted
15,2019-04-15 20:17:57.157381,,,,,,f,,{},3FE7TXL1LJGTPIT7IXWG1XDBLW1Q2B,AssignmentAccepted
16,2019-04-15 20:17:59.534298,,,,,,f,,{},39GXDJN2OU7WG5RDKDZRHBPMOO8V8D,AssignmentAccepted
17,2019-04-15 20:17:59.644884,,,,,,f,,{},3L0KT67Y8F9V3J1R3MSG51THIZHSYJ,AssignmentAccepted
18,2019-04-15 20:18:04.644161,,,,,,f,,{},33LK57MYLUYV89BWZ8UZJ82JOTLSZA,AssignmentAccepted
19,2019-04-15 20:18:48.225159,,,,,,f,,{},3YDGXNSEO0NXMS8Y0HY48LP9B4C84F,AssignmentReturned
20,2019-04-15 20:18:56.71286,,,,,,f,,{},3QXNC7EIPJOG1997M8HGWEU7EYE90P,AssignmentAccepted
21,2019-04-15 20:19:06.62631,,,,,,f,,{},3YDGXNSEO0NXMS8Y0HY48LP9B4C84F,AssignmentAccepted
22,2019-04-15 20:19:34.459845,,,,,,f,,{},3DI28L7YXB7X3UL6Q2122XESAN01EU,AssignmentAccepted
23,2019-04-15 20:20:18.009818,,,,,,f,,{},3YHH42UU5C8B2BAGB5K61NL2ESV0LD,AssignmentReturned
24,2019-04-15 20:20:18.056066,,,,,,f,,{},3YHH42UU5C8B2BAGB5K61NL2ESV0LD,AssignmentAccepted
25,2019-04-15 20:20:31.383152,,,,,,f,,{},3IO1LGZLKAQB1FCCJ5RJ5J9N7VI860,AssignmentSubmitted
26,2019-04-15 20:21:04.969534,,,,,,f,,{},39GXDJN2OU7WG5RDKDZRHBPMOO8V8D,AssignmentSubmitted
27,2019-04-15 20:21:56.489564,,,,,,f,,{},336KAV9KYRL2YKKT97DAEJGDK5J2YR,AssignmentSubmitted
28,2019-04-15 20:23:28.445737,,,,,,f,,{},3YDGXNSEO0NXMS8Y0HY48LP9B4C84F,AssignmentSubmitted
29,2019-04-15 20:23:28.556983,,,,,,f,,{},3VNXK88KKDBWUAANP555H7KX8UQV92,AssignmentSubmitted
30,2019-04-15 20:23:34.58834,,,,,,f,,{},3X0H8UUIT2HREE6ROLASK4817RHSWK,AssignmentAccepted
31,2019-04-15 20:23:34.641201,,,,,,f,,{},3X0H8UUIT2HREE6ROLASK4817RHSWK,AssignmentReturned
32,2019-04-15 20:23:54.828704,,,,,,f,,{},3DI28L7YXB7X3UL6Q2122XESAN01EU,AssignmentSubmitted
33,2019-04-15 20:23:55.01437,,,,,,f,,{},33CUSNVVNO5Y5TV0CKOHPX5EDQ888M,AssignmentSubmitted
34,2019-04-15 20:25:16.17356,,,,,,f,,{},3X0H8UUIT2HREE6ROLASK4817RHSWK,AssignmentSubmitted
35,2019-04-15 20:25:46.992075,,,,,,f,,{},3YHH42UU5C8B2BAGB5K61NL2ESV0LD,AssignmentSubmitted
36,2019-04-15 20:26:19.267622,,,,,,f,,{},33LK57MYLUYV89BWZ8UZJ82JOTLSZA,AssignmentReturned
37,2019-04-15 20:26:19.341527,,,,,,f,,{},33LK57MYLUYV89BWZ8UZJ82JOTLSZA,AssignmentAccepted
38,2019-04-15 20:30:00.722653,,,,,,f,,{},3L70J4KAZHFO5CK6QQJB7GPAE55ADY,AssignmentSubmitted
39,2019-04-15 20:35:51.719761,,,,,,f,,{},39LOEL67OTYC4WPU03TLYGX3X4G83U,AssignmentAbandoned
40,2019-04-15 20:35:54.586109,,,,,,f,,{},39LOEL67OTYC4WPU03TLYGX3X4G83U,AssignmentAccepted
41,2019-04-15 20:36:03.49432,,,,,,f,,{},3Q5ZZ9ZEVP8FIBCYEMHEDDVNB0785K,AssignmentAbandoned
42,2019-04-15 20:36:05.236108,,,,,,f,,{},3L0KT67Y8F9V3J1R3MSG51THIZHSYJ,AssignmentAbandoned
43,2019-04-15 20:36:06.160615,,,,,,f,,{},3HRMW88U17JV8TS1BHLL100REXL0MF,AssignmentAccepted
44,2019-04-15 20:36:06.228238,,,,,,f,,{},3HRMW88U17JV8TS1BHLL100REXL0MF,AssignmentAbandoned
45,2019-04-15 20:36:10.511399,,,,,,f,,{},32N49TQG3HBAZTKSHBJ5D2VHEC8VAH,AssignmentAbandoned
46,2019-04-15 20:36:10.542603,,,,,,f,,{},3FDJT1UU751ZDCEZNBEH3I4E6015K0,AssignmentAbandoned
47,2019-04-15 20:36:10.612316,,,,,,f,,{},3OVR4I9USQC3SW8UMBF4UCA95AXQ47,AssignmentAbandoned
48,2019-04-15 20:36:10.911544,,,,,,f,,{},3QXNC7EIPJOG1997M8HGWEU7EYE90P,AssignmentSubmitted
49,2019-04-15 20:36:18.751423,,,,,,f,,{},32N49TQG3HBAZTKSHBJ5D2VHEC8VAH,AssignmentAccepted
50,2019-04-15 20:36:18.817978,,,,,,f,,{},3OVR4I9USQC3SW8UMBF4UCA95AXQ47,AssignmentAccepted
51,2019-04-15 20:36:18.854382,,,,,,f,,{},3FDJT1UU751ZDCEZNBEH3I4E6015K0,AssignmentAccepted
52,2019-04-15 20:36:21.530769,,,,,,f,,{},3FE7TXL1LJGTPIT7IXWG1XDBLW1Q2B,AssignmentAbandoned
53,2019-04-15 20:36:26.275907,,,,,,f,,{},3DL65MZB8E8HQXV46ZQMJTXJEKTECZ,AssignmentAccepted
54,2019-04-15 20:36:27.37877,,,,,,f,,{},3FE7TXL1LJGTPIT7IXWG1XDBLW1Q2B,AssignmentAccepted
55,2019-04-15 20:36:36.203191,,,,,,f,,{},3OJSZ2ATDTPBIX7F4HP8ZDZS0G375Y,AssignmentAccepted
56,2019-04-15 20:39:14.894112,,,,,,f,,{},32N49TQG3HBAZTKSHBJ5D2VHEC8VAH,AssignmentSubmitted
57,2019-04-15 20:41:44.315689,,,,,,f,,{},3FDJT1UU751ZDCEZNBEH3I4E6015K0,AssignmentSubmitted
58,2019-04-15 20:42:09.771133,,,,,,f,,{},3OVR4I9USQC3SW8UMBF4UCA95AXQ47,AssignmentSubmitted
59,2019-04-15 20:42:09.896093,,,,,,f,,{},39LOEL67OTYC4WPU03TLYGX3X4G83U,AssignmentSubmitted
60,2019-04-15 20:42:11.202114,,,,,,f,,{},33LK57MYLUYV89BWZ8UZJ82JOTLSZA,AssignmentReturned
61,2019-04-15 20:42:23.316052,,,,,,f,,{},33LK57MYLUYV89BWZ8UZJ82JOTLSZA,AssignmentAccepted
62,2019-04-15 20:43:00.285329,,,,,,f,,{},3HRMW88U17JV8TS1BHLL100REXL0MF,AssignmentSubmitted
63,2019-04-15 20:48:17.179934,,,,,,f,,{},33LK57MYLUYV89BWZ8UZJ82JOTLSZA,AssignmentSubmitted
64,2019-04-15 20:49:27.683469,,,,,,f,,"{""feedback"": """", ""error_text"": ""There has been an error and so you are unable to\r\n        continue, sorry!"", ""error_type"": ""already_started_exp_mturk"", ""request_data"": {""hit_id"": null, ""worker_id"": null, ""participant_id"": null}}",unknown,ExperimentError
65,2019-04-15 20:51:05.698702,,,,,,f,,"{""feedback"": ""Error"", ""error_text"": ""There has been an error and so you are unable to\r\n        continue, sorry!"", ""error_type"": ""already_started_exp_mturk"", ""request_data"": {""hit_id"": null, ""worker_id"": null, ""participant_id"": null}}",unknown,ExperimentError
66,2019-04-15 20:54:29.682235,,,,,,f,,{},3DL65MZB8E8HQXV46ZQMJTXJEKTECZ,AssignmentAbandoned
67,2019-04-15 20:54:31.694033,,,,,,f,,{},3FE7TXL1LJGTPIT7IXWG1XDBLW1Q2B,AssignmentAbandoned
68,2019-04-15 20:54:46.811899,,,,,,f,,{},3FE7TXL1LJGTPIT7IXWG1XDBLW1Q2B,AssignmentAccepted
69,2019-04-15 20:54:49.843402,,,,,,f,,{},3DL65MZB8E8HQXV46ZQMJTXJEKTECZ,AssignmentAccepted
70,2019-04-15 20:54:54.487098,,,,,,f,,{},3OJSZ2ATDTPBIX7F4HP8ZDZS0G375Y,AssignmentAbandoned
72,2019-04-15 20:59:03.87561,,,,,,f,,{},3FE7TXL1LJGTPIT7IXWG1XDBLW1Q2B,AssignmentSubmitted
71,2019-04-15 20:55:10.338469,,,,,,f,,{},3OJSZ2ATDTPBIX7F4HP8ZDZS0G375Y,AssignmentAccepted
73,2019-04-15 21:01:32.711863,,,,,,f,,{},3DL65MZB8E8HQXV46ZQMJTXJEKTECZ,AssignmentSubmitted
