id,creation_time,property1,property2,property3,property4,property5,failed,time_of_death,details,type,fingerprint_hash,recruiter_id,worker_id,assignment_id,unique_id,hit_id,mode,end_time,base_pay,bonus,status
10,2019-04-15 20:27:12.906772,,,,,,f,,{},participant,41cc2f777d58b743bd4034dc59505486,mturk,10,3L70J4KAZHFO5CK6QQJB7GPAE55ADY,10:3L70J4KAZHFO5CK6QQJB7GPAE55ADY,3ZVPAMTJWNWGTTIK4P13K7LULA7GRE,live,2019-04-15 20:30:00.730013,1,0,approved
3,2019-04-15 20:19:20.987688,,,,,,f,,{},participant,a45b371e39235e2c32f84bca1bda69af,mturk,3,3IO1LGZLKAQB1FCCJ5RJ5J9N7VI860,3:3IO1LGZLKAQB1FCCJ5RJ5J9N7VI860,3ZVPAMTJWNWGTTIK4P13K7LULA7GRE,live,2019-04-15 20:20:31.389266,1,0,approved
2,2019-04-15 20:18:50.097104,,,,,,f,,{},participant,1471b0f8f4261a8dde8084c7f8267368,mturk,2,39GXDJN2OU7WG5RDKDZRHBPMOO8V8D,2:39GXDJN2OU7WG5RDKDZRHBPMOO8V8D,3ZVPAMTJWNWGTTIK4P13K7LULA7GRE,live,2019-04-15 20:21:04.975691,1,0,approved
5,2019-04-15 20:21:01.726666,,,,,,f,,{},participant,0b155e593d98cc4438931162277592f8,mturk,5,3DI28L7YXB7X3UL6Q2122XESAN01EU,5:3DI28L7YXB7X3UL6Q2122XESAN01EU,3ZVPAMTJWNWGTTIK4P13K7LULA7GRE,live,2019-04-15 20:23:54.841205,1,0,approved
1,2019-04-15 20:18:45.348713,,,,,,f,,{},participant,db520d70d7a4ddf5609978163f5bfadf,mturk,1,336KAV9KYRL2YKKT97DAEJGDK5J2YR,1:336KAV9KYRL2YKKT97DAEJGDK5J2YR,3ZVPAMTJWNWGTTIK4P13K7LULA7GRE,live,2019-04-15 20:21:56.52244,1,0,approved
4,2019-04-15 20:20:30.111453,,,,,,f,,{},participant,1ecfa783c7e6dcad86fd58ddd2b25e39,mturk,4,33CUSNVVNO5Y5TV0CKOHPX5EDQ888M,4:33CUSNVVNO5Y5TV0CKOHPX5EDQ888M,3ZVPAMTJWNWGTTIK4P13K7LULA7GRE,live,2019-04-15 20:23:55.020815,1,0,approved
6,2019-04-15 20:21:16.631589,,,,,,f,,{},participant,5cfa11fc34712fa211d7c9f54ba515d9,mturk,6,3YDGXNSEO0NXMS8Y0HY48LP9B4C84F,6:3YDGXNSEO0NXMS8Y0HY48LP9B4C84F,3ZVPAMTJWNWGTTIK4P13K7LULA7GRE,live,2019-04-15 20:23:28.452394,1,0,approved
7,2019-04-15 20:21:20.145664,,,,,,f,,{},participant,4a04e07ca71d2307205857f80d354c54,mturk,7,3VNXK88KKDBWUAANP555H7KX8UQV92,7:3VNXK88KKDBWUAANP555H7KX8UQV92,3ZVPAMTJWNWGTTIK4P13K7LULA7GRE,live,2019-04-15 20:23:28.564249,1,0,approved
11,2019-04-15 20:31:44.554474,,,,,,f,,{},participant,de497e2af4581983423506477d831d4e,mturk,11,3QXNC7EIPJOG1997M8HGWEU7EYE90P,11:3QXNC7EIPJOG1997M8HGWEU7EYE90P,3ZVPAMTJWNWGTTIK4P13K7LULA7GRE,live,2019-04-15 20:36:10.918405,1,0,approved
9,2019-04-15 20:23:50.668791,,,,,,f,,{},participant,1b89fb1d4f8b71943abd3951b75ed0bd,mturk,9,3X0H8UUIT2HREE6ROLASK4817RHSWK,9:3X0H8UUIT2HREE6ROLASK4817RHSWK,3ZVPAMTJWNWGTTIK4P13K7LULA7GRE,live,2019-04-15 20:25:16.180406,1,0,approved
8,2019-04-15 20:21:46.708738,,,,,,f,,{},participant,0224199c72fca273198a329537b13529,mturk,8,3YHH42UU5C8B2BAGB5K61NL2ESV0LD,8:3YHH42UU5C8B2BAGB5K61NL2ESV0LD,3ZVPAMTJWNWGTTIK4P13K7LULA7GRE,live,2019-04-15 20:25:46.999063,1,0,approved
13,2019-04-15 20:37:56.369176,,,,,,f,,{},participant,044a96c6cae9744d346dc31437d93b48,mturk,13,3FDJT1UU751ZDCEZNBEH3I4E6015K0,13:3FDJT1UU751ZDCEZNBEH3I4E6015K0,3ZVPAMTJWNWGTTIK4P13K7LULA7GRE,live,2019-04-15 20:41:44.325599,1,0,approved
12,2019-04-15 20:36:34.347259,,,,,,f,,{},participant,00813c3a81a4daa48c647b3e6da24fc0,mturk,12,32N49TQG3HBAZTKSHBJ5D2VHEC8VAH,12:32N49TQG3HBAZTKSHBJ5D2VHEC8VAH,3ZVPAMTJWNWGTTIK4P13K7LULA7GRE,live,2019-04-15 20:39:14.904474,1,0,approved
16,2019-04-15 20:40:08.74582,,,,,,f,,{},participant,09b6cf2f93885e44534f8a2f2d7566b5,mturk,16,3HRMW88U17JV8TS1BHLL100REXL0MF,16:3HRMW88U17JV8TS1BHLL100REXL0MF,3ZVPAMTJWNWGTTIK4P13K7LULA7GRE,live,2019-04-15 20:43:00.351359,1,0,approved
17,2019-04-15 20:41:05.418102,,,,,,f,,{},participant,eb0b6cf114db793340ec29355bb1b525,mturk,17,3OVR4I9USQC3SW8UMBF4UCA95AXQ47,17:3OVR4I9USQC3SW8UMBF4UCA95AXQ47,3ZVPAMTJWNWGTTIK4P13K7LULA7GRE,live,2019-04-15 20:42:09.779406,1,0,approved
20,2019-04-15 20:58:09.216266,,,,,,f,,{},participant,2c9de0bfb060cc9b6c2a6e895c33814c,mturk,20,3DL65MZB8E8HQXV46ZQMJTXJEKTECZ,20:3DL65MZB8E8HQXV46ZQMJTXJEKTECZ,3ZVPAMTJWNWGTTIK4P13K7LULA7GRE,live,2019-04-15 21:01:32.725031,1,0,approved
15,2019-04-15 20:39:13.838677,,,,,,f,,{},participant,34aa90c3f49817f137e2f0b32bdd08db,mturk,15,39LOEL67OTYC4WPU03TLYGX3X4G83U,15:39LOEL67OTYC4WPU03TLYGX3X4G83U,3ZVPAMTJWNWGTTIK4P13K7LULA7GRE,live,2019-04-15 20:42:09.904223,1,0,approved
18,2019-04-15 20:46:12.514767,,,,,,f,,{},participant,d1485b81328e5fee1807092e69edb4a5,mturk,18,33LK57MYLUYV89BWZ8UZJ82JOTLSZA,18:33LK57MYLUYV89BWZ8UZJ82JOTLSZA,3ZVPAMTJWNWGTTIK4P13K7LULA7GRE,live,2019-04-15 20:48:17.187706,1,0,approved
14,2019-04-15 20:39:10.934871,,,,,,f,,{},participant,27b102d064c06a50fe31129684a9a764,mturk,14,3OJSZ2ATDTPBIX7F4HP8ZDZS0G375Y,14:3OJSZ2ATDTPBIX7F4HP8ZDZS0G375Y,3ZVPAMTJWNWGTTIK4P13K7LULA7GRE,live,2019-04-15 20:54:54.495026,,,abandoned
19,2019-04-15 20:56:51.531075,,,,,,f,,{},participant,e6590725f7b4f847e80358cabfd24bd5,mturk,19,3FE7TXL1LJGTPIT7IXWG1XDBLW1Q2B,19:3FE7TXL1LJGTPIT7IXWG1XDBLW1Q2B,3ZVPAMTJWNWGTTIK4P13K7LULA7GRE,live,2019-04-15 20:59:04.116648,1,0,approved
