id,creation_time,property1,property2,property3,property4,property5,failed,time_of_death,details,type,participant_id,number,question,response
1,2019-04-15 20:20:15.251464,,,,,,f,,{},question,3,1,questionnaire,"{""engagement"":""10"",""difficulty"":""5""}"
2,2019-04-15 20:20:48.145903,,,,,,f,,{},question,2,1,questionnaire,"{""engagement"":""10"",""difficulty"":""7""}"
3,2019-04-15 20:21:36.300648,,,,,,f,,{},question,1,1,questionnaire,"{""engagement"":""10"",""difficulty"":""1""}"
4,2019-04-15 20:23:00.919659,,,,,,f,,{},question,6,1,questionnaire,"{""engagement"":""9"",""difficulty"":""5""}"
5,2019-04-15 20:23:09.57433,,,,,,f,,{},question,7,1,questionnaire,"{""engagement"":""9"",""difficulty"":""7""}"
6,2019-04-15 20:23:36.09765,,,,,,f,,{},question,4,1,questionnaire,"{""engagement"":""10"",""difficulty"":""3""}"
7,2019-04-15 20:23:44.739162,,,,,,f,,{},question,5,1,questionnaire,"{""engagement"":""10"",""difficulty"":""5""}"
8,2019-04-15 20:25:01.367434,,,,,,f,,{},question,9,1,questionnaire,"{""engagement"":""5"",""difficulty"":""5""}"
9,2019-04-15 20:25:22.121323,,,,,,f,,{},question,8,1,questionnaire,"{""engagement"":""10"",""difficulty"":""2""}"
10,2019-04-15 20:29:19.592849,,,,,,f,,{},question,10,1,questionnaire,"{""engagement"":""10"",""difficulty"":""3""}"
11,2019-04-15 20:35:18.839575,,,,,,f,,{},question,11,1,questionnaire,"{""engagement"":""7"",""difficulty"":""3""}"
12,2019-04-15 20:39:06.54482,,,,,,f,,{},question,12,1,questionnaire,"{""engagement"":""10"",""difficulty"":""2""}"
13,2019-04-15 20:41:22.14218,,,,,,f,,{},question,13,1,questionnaire,"{""engagement"":""10"",""difficulty"":""1""}"
14,2019-04-15 20:41:49.001923,,,,,,f,,{},question,15,1,questionnaire,"{""engagement"":""10"",""difficulty"":""5""}"
15,2019-04-15 20:41:53.770858,,,,,,f,,{},question,17,1,questionnaire,"{""engagement"":""10"",""difficulty"":""4""}"
16,2019-04-15 20:42:47.096198,,,,,,f,,{},question,16,1,questionnaire,"{""engagement"":""9"",""difficulty"":""7""}"
17,2019-04-15 20:48:08.775395,,,,,,f,,{},question,18,1,questionnaire,"{""engagement"":""7"",""difficulty"":""7""}"
18,2019-04-15 20:58:55.716444,,,,,,f,,{},question,19,1,questionnaire,"{""engagement"":""10"",""difficulty"":""1""}"
19,2019-04-15 21:01:15.422329,,,,,,f,,{},question,20,1,questionnaire,"{""engagement"":""10"",""difficulty"":""7""}"
